Record ID,Update ID,Proposal ID,Proposal type,Proposal category,Financial category,Description,Amount,Token,Receiver,Link
1,d6c25037-37ac-46e3-8eb7-612cecb36f39,5a5c472b-0ed2-4086-b7fc-22e37b4ad39c,grant,Core Unit,Other,No funds released,1,DAI,0xFc6AE1845B79F82d6F7Eca355109AcECaF1020D7,https://etherscan.io/
4,99013b12-6204-11ee-921b-3b664a734355,fe96cc60-182b-11ee-93a7-ed9294f83f74,grant,In-World Content,Team Compensation,Monthly Salary and for Payment to guests,2000,PYUSD,0x3f3f09cd7e1753db29fbe6dccf8d8720934992c1,https://etherscan.io/tx/0xa722286e3e5393741f6921ec9eb94664c21edf0d381323ad83352450d2a4feb5
5,99013b12-6204-11ee-921b-3b664a734355,fe96cc60-182b-11ee-93a7-ed9294f83f74,grant,In-World Content,Team Compensation,Monthly Salary and for Payment to guests,1300,PYUSD,0x3f3f09cd7e1753db29fbe6dccf8d8720934992c1,https://etherscan.io/tx/0x835978527b5763de871afd0f7b5121516c3b9d6951c61175eec8791931cf6703
6,75e82c01-2ad3-11ee-8fbb-d9eddf5c2b3f,f3874400-1743-11ee-93a7-ed9294f83f74,grant,In-World Content,Team Compensation,Design and production of 2D and 3D game assets,1900,USD,0xd91dB432D98D80e9467206cab3B9C46081795f0d,https://etherscan.io/tx/0xe0bcbb7d95dea20575238531e1860d4298098919f3d49ad04fdd1b4ac322d714
7,75e82c01-2ad3-11ee-8fbb-d9eddf5c2b3f,f3874400-1743-11ee-93a7-ed9294f83f74,grant,In-World Content,Team Compensation,Programming game update and maintanence,3365,USD,0xd91dB432D98D80e9467206cab3B9C46081795f0d,https://etherscan.io/tx/0xe0bcbb7d95dea20575238531e1860d4298098919f3d49ad04fdd1b4ac322d714
8,75e82c01-2ad3-11ee-8fbb-d9eddf5c2b3f,f3874400-1743-11ee-93a7-ed9294f83f74,grant,In-World Content,Team Compensation,Execution and administration,2550,USD,0xd91dB432D98D80e9467206cab3B9C46081795f0d,https://etherscan.io/tx/0xe0bcbb7d95dea20575238531e1860d4298098919f3d49ad04fdd1b4ac322d714
9,75e82c01-2ad3-11ee-8fbb-d9eddf5c2b3f,f3874400-1743-11ee-93a7-ed9294f83f74,grant,In-World Content,Tools & Services,AWS application hosting,640,USD,0xd91dB432D98D80e9467206cab3B9C46081795f0d,https://etherscan.io/tx/0xe0bcbb7d95dea20575238531e1860d4298098919f3d49ad04fdd1b4ac322d714
10,75e82c01-2ad3-11ee-8fbb-d9eddf5c2b3f,f3874400-1743-11ee-93a7-ed9294f83f74,grant,In-World Content,Marketing,Promotion and giveaways for onboarding external communities and influencers,2500,USD,0xd91dB432D98D80e9467206cab3B9C46081795f0d,https://etherscan.io/tx/0xe0bcbb7d95dea20575238531e1860d4298098919f3d49ad04fdd1b4ac322d714
11,61fb0194-2ad3-11ee-8fbb-d9eddf5c2b3f,b51854d0-1666-11ee-93a7-ed9294f83f74,grant,Core Unit,Team Compensation,DAO strategic facilitation,3573,DAI,0x7266baC9E08d645B160dDd769b5b7e311196539b,https://etherscan.io/tx/0x03cd98b16c1fc9f23d70465a4d7e4058909f23173db5f25604d0904769e5808b
12,61fb0194-2ad3-11ee-8fbb-d9eddf5c2b3f,b51854d0-1666-11ee-93a7-ed9294f83f74,grant,Core Unit,Other,German taxes and the associated fees,1760,DAI,0x7266baC9E08d645B160dDd769b5b7e311196539b,https://etherscan.io/tx/0x03cd98b16c1fc9f23d70465a4d7e4058909f23173db5f25604d0904769e5808b
13,496bc872-4681-11ee-ab1f-97157a05bdec,dcfc1f80-235f-11ee-8ace-3bf098daeebe,grant,Social Media Content,Team Compensation,Operator Compensation for work rendered gas reimbursement marketing and software expenses Salary,5833,DAI,0x2D7526b8aB977204920D9ec74F62510101BC84E0,https://etherscan.io/tx/0x016cf7d918c7ec0fb32c08d9bd6639b89d7b7d8d15afbd681b3ea16cf938beac
14,afe65390-5c84-11ee-abd9-01bdc8ef3aac,1740a740-4db0-11ee-beb5-696f9c967b67,grant,Documentation,Team Compensation,Personal Expense,3935,DAI,0x8D62189E991597b1aE712b68E6ef87C9F46f9BbB,https://etherscan.io/tx/0x4f2a9d2dddb91fbfc0b1c98e0ca65cbe72ffb9ab64ca2c7eda71101b61c8f2e4
15,afe65390-5c84-11ee-abd9-01bdc8ef3aac,1740a740-4db0-11ee-beb5-696f9c967b67,grant,Documentation,Tools & Services,Adobe CS,65,DAI,0x8D62189E991597b1aE712b68E6ef87C9F46f9BbB,https://etherscan.io/tx/0x4f2a9d2dddb91fbfc0b1c98e0ca65cbe72ffb9ab64ca2c7eda71101b61c8f2e4
16,a8d85a53-4c06-11ee-a2e0-b78adf7d068d,ca7784f0-3988-11ee-aec9-fb54fc0c7896,grant,Platform,Team Compensation,Monthly Compensation,28333,DAI,0xe96f1c6B08b1d932Df11E78A040a75B546ab8d2B,https://etherscan.io/address/0xe96f1c6B08b1d932Df11E78A040a75B546ab8d2B
17,ee1b9833-308a-11ee-a512-65477fceb1b0,17783750-18d1-11ee-93a7-ed9294f83f74,grant,In-World Content,Team Compensation,SDK and Backend Development Team Salary,9700,DAI,0xF5A0b294F9193E7aAfF255E9e962456495eCf5FD,https://etherscan.io/tx/0x83d169e4f481baf793707bcc6841942402b961e87b7f1bb13afc10d6214a4495
18,ee1b9833-308a-11ee-a512-65477fceb1b0,17783750-18d1-11ee-93a7-ed9294f83f74,grant,In-World Content,Tools & Services,AWS Hosting and Essential Tools,2366,DAI,0xf3a3922685a446c9ae4287921e8ec4a77fbaad82,https://etherscan.io/tx/0x73167c2e2891fea17d05bc62811bac1b38f9cca69679b730a3ac6b3d4d2ef652
19,ee1b9833-308a-11ee-a512-65477fceb1b0,17783750-18d1-11ee-93a7-ed9294f83f74,grant,In-World Content,Marketing,Marketing Activities and Community Engagement,4000,DAI,0x9318172Ee288a1f95151DCcD72Cf6AC7c254B0dC,https://etherscan.io/tx/0xa99c15ad320d037a3a1a609162f94a7a48cb891d4706b866676feddb6d1025b5
21,ecaf8373-baf9-431c-a0ec-80dbc099b0aa,4e3914f0-60cd-11ee-b14c-4954da90424e,grant,Documentation,Team Compensation,Six DEd Reckoning Sessions preparation and execution,945,DAI,0x7E1dc48c710c791255F297b912Dd5940212C7E33,https://etherscan.io/tx/0x0bd4a8cd77dc02aa610b844e1d1d8ab35d06e0e7495d3e29a4c689d1db28fac4
22,1258802c-c57c-4d72-a71a-5b309260282c,cb04d870-5ff6-11ee-af3f-d9f6b00b3bf3,grant,Platform,Team Compensation,(November) Develop and mantain bevy-explorer,11250,DAI,0x85bc980eb632434c562414791146cc86cea12c51,https://etherscan.io/tx/0xb5172ea78aea3f3a5ed2cbcf1622e223843400a7fcb01597642ed00ea3c72cd8
23,1258802c-c57c-4d72-a71a-5b309260282c,cb04d870-5ff6-11ee-af3f-d9f6b00b3bf3,grant,Platform,Team Compensation,(November) Develop and mantain godot-explorer,10500,DAI,0x6db12e73904eb12f9c40b7d995b2a870254b3625,https://etherscan.io/tx/0xb5172ea78aea3f3a5ed2cbcf1622e223843400a7fcb01597642ed00ea3c72cd8
24,1258802c-c57c-4d72-a71a-5b309260282c,cb04d870-5ff6-11ee-af3f-d9f6b00b3bf3,grant,Platform,Team Compensation,(November) Develop and mantain godot-explorer,10500,DAI,0xbcae59ff0aa916b6c38adde712c39da3eb5443c4,https://etherscan.io/tx/0xb5172ea78aea3f3a5ed2cbcf1622e223843400a7fcb01597642ed00ea3c72cd8
25,1258802c-c57c-4d72-a71a-5b309260282c,cb04d870-5ff6-11ee-af3f-d9f6b00b3bf3,grant,Platform,Team Compensation,(November) Develop and mantain scene-explorer-tests,1200,DAI,0xae185e420a7b0e82963f6edb80078d0ce9d40b40,https://etherscan.io/tx/0xb5172ea78aea3f3a5ed2cbcf1622e223843400a7fcb01597642ed00ea3c72cd8
26,1258802c-c57c-4d72-a71a-5b309260282c,cb04d870-5ff6-11ee-af3f-d9f6b00b3bf3,grant,Platform,Team Compensation,(Late Payment for October) Develop and mantain `scene-explorer-tests`,1200,DAI,0xae185e420a7b0e82963f6edb80078d0ce9d40b40,https://etherscan.io/tx/0xab8be90c5ebd698db04b69841743aa69604be6fa5ab593b4c259563c2552c277
27,7acb3790-23e8-4242-a3cd-0aeb20276592,3dd9e476-1172-4995-a3cc-6942ebe12c7d,grant,In-World Content,Team Compensation,Backend Scene and Avatars development,10000,$USD,0x4e54dA189F2eC8e3704051df5D694dd9500D88AB,
28,7acb3790-23e8-4242-a3cd-0aeb20276592,3dd9e476-1172-4995-a3cc-6942ebe12c7d,grant,In-World Content,Other,Decentraland Submission Fees,10000,$USD,0x4e54dA189F2eC8e3704051df5D694dd9500D88AB,
30,546003b2-4684-11ee-9cfb-8be6460f98c9,e7399950-35f7-11ee-be2d-676a2489bc16,grant,Platform,Team Compensation,Dev Monthly Salary,1,DAI,0x42a8aB1CaE6f4A2DF5EcbAE904C37b0603c267b1,https://etherscan.io/address/0x42a8aB1CaE6f4A2DF5EcbAE904C37b0603c267b1
32,b085f864-2ad3-11ee-8fbb-d9eddf5c2b3f,220ce750-182d-11ee-93a7-ed9294f83f74,grant,Platform,Team Compensation,5x 3D artist Monthly Salary,25000,DAI,0x07424b254b72b2272764100a98A6EB338F2FFBD0,https://etherscan.io/address/0x07424b254b72b2272764100a98A6EB338F2FFBD0
33,5ba8e6d2-e782-4b27-972b-03d8f24a0d73,b136bb90-648b-11ee-a1c9-233702efe10a,grant,In-World Content,Contractors,OCT - Norbess Brilliant DJ for DIGITAL Party,200,DAI,0x3c1f5fa98726e4fd0cf5dbe088bb38c89e55e45d,https://polygonscan.com/tx/0x4534a1e0690ff5cd571fe1d2a136d6388063f03cd65417eb7a4258c2c853bd12
34,5ba8e6d2-e782-4b27-972b-03d8f24a0d73,b136bb90-648b-11ee-a1c9-233702efe10a,grant,In-World Content,Contractors,OCT - David Bothof DJ for DIGITAL Party,200,DAI,0x93fe8653c3b2a1dd5bb2a6c5f94d1525753536fe,https://polygonscan.com/tx/0x334d026c03f2bfee253de7a9b8ad5f06a7507d4242c864d1fb30b3d4e245cbcf
35,5ba8e6d2-e782-4b27-972b-03d8f24a0d73,b136bb90-648b-11ee-a1c9-233702efe10a,grant,In-World Content,Contractors,OCT - KVMBL DJ for DIGITAL Party,200,DAI,0x24ccd8f73a5e2638decd0db2a3d974e5f7456259,https://polygonscan.com/tx/0x4534a1e0690ff5cd571fe1d2a136d6388063f03cd65417eb7a4258c2c853bd12
36,5ba8e6d2-e782-4b27-972b-03d8f24a0d73,b136bb90-648b-11ee-a1c9-233702efe10a,grant,In-World Content,Contractors,OCT - RK DJ for DIGITAL Party,200,DAI,0xa7411300ad046d87e4a9569969988917790137eb,https://polygonscan.com/tx/0x4534a1e0690ff5cd571fe1d2a136d6388063f03cd65417eb7a4258c2c853bd12
37,5ba8e6d2-e782-4b27-972b-03d8f24a0d73,b136bb90-648b-11ee-a1c9-233702efe10a,grant,In-World Content,Contractors,OCT - KosmoDrom DJ for DIGITAL Party,200,DAI,0xa5bcc94557fe71465cf4b77a1e1633cc36684097,https://polygonscan.com/tx/0x4534a1e0690ff5cd571fe1d2a136d6388063f03cd65417eb7a4258c2c853bd12
38,5ba8e6d2-e782-4b27-972b-03d8f24a0d73,b136bb90-648b-11ee-a1c9-233702efe10a,grant,In-World Content,Contractors,OCT - Phi Defy's (ɸ)  DJ for DIGITAL Party,200,DAI,0xafd3bd0af17fba66722bbd72ce1192299065c95b,https://polygonscan.com/tx/0x4534a1e0690ff5cd571fe1d2a136d6388063f03cd65417eb7a4258c2c853bd12
39,5ba8e6d2-e782-4b27-972b-03d8f24a0d73,b136bb90-648b-11ee-a1c9-233702efe10a,grant,In-World Content,Contractors,OCT - Teya Flow DJ for IRL Party,200,DAI,0x2605c70f87d3a188d42688f55fb576540435c65a,https://polygonscan.com/tx/0x334d026c03f2bfee253de7a9b8ad5f06a7507d4242c864d1fb30b3d4e245cbcf
40,5ba8e6d2-e782-4b27-972b-03d8f24a0d73,b136bb90-648b-11ee-a1c9-233702efe10a,grant,In-World Content,Contractors,OCT - Zelka  DJ for IRL Party,200,DAI,0x61d329742e53c4f0f1b5414d209275993cc710bd,https://polygonscan.com/tx/0xc3203b17691f9ccee3cc9017e608c6fb7e7e55a44fb6f7e3cd9729a1b2208ab4
41,5ba8e6d2-e782-4b27-972b-03d8f24a0d73,b136bb90-648b-11ee-a1c9-233702efe10a,grant,In-World Content,Contractors,OCT - KenTONE DJ for DIGITAL Party,200,DAI,0x116893f3925eebd1720c2a26442830f4fc2713a9,https://polygonscan.com/tx/0xc3203b17691f9ccee3cc9017e608c6fb7e7e55a44fb6f7e3cd9729a1b2208ab4
42,5ba8e6d2-e782-4b27-972b-03d8f24a0d73,b136bb90-648b-11ee-a1c9-233702efe10a,grant,In-World Content,Contractors,NOV - bramski DJ for DIGITAL Party,200,DAI,0xc54dc704be8d0dcef48d2cdac42628d2a8b29753,https://polygonscan.com/tx/0x4534a1e0690ff5cd571fe1d2a136d6388063f03cd65417eb7a4258c2c853bd12
43,5ba8e6d2-e782-4b27-972b-03d8f24a0d73,b136bb90-648b-11ee-a1c9-233702efe10a,grant,In-World Content,Contractors,NOV - Bastiaan Stoop DJ for DIGITAL Party,200,DAI,0xed40680e779c9fa783e8fe452dace1b60eade8b1,https://polygonscan.com/tx/0x4534a1e0690ff5cd571fe1d2a136d6388063f03cd65417eb7a4258c2c853bd12
44,5ba8e6d2-e782-4b27-972b-03d8f24a0d73,b136bb90-648b-11ee-a1c9-233702efe10a,grant,In-World Content,Contractors,NOV - DJTRAX DJ for DIGITAL Party,200,DAI,0x3a55404f3b6b40876512fe612711e76d3714f49b,https://polygonscan.com/tx/0xc3203b17691f9ccee3cc9017e608c6fb7e7e55a44fb6f7e3cd9729a1b2208ab4
45,5ba8e6d2-e782-4b27-972b-03d8f24a0d73,b136bb90-648b-11ee-a1c9-233702efe10a,grant,In-World Content,Contractors,NOV - Manscream DJ for DIGITAL Party,200,DAI,0x5a920e68ad18825d74db52bc7fe9fe65db27fbb4,https://polygonscan.com/tx/0x4534a1e0690ff5cd571fe1d2a136d6388063f03cd65417eb7a4258c2c853bd12
46,5ba8e6d2-e782-4b27-972b-03d8f24a0d73,b136bb90-648b-11ee-a1c9-233702efe10a,grant,In-World Content,Contractors,NOV - Roman Flauns DJ for DIGITAL Party,200,DAI,0xeab5efc770ab92d2c55202aa96736c5e518b1684,https://polygonscan.com/tx/0x4534a1e0690ff5cd571fe1d2a136d6388063f03cd65417eb7a4258c2c853bd12
47,5ba8e6d2-e782-4b27-972b-03d8f24a0d73,b136bb90-648b-11ee-a1c9-233702efe10a,grant,In-World Content,Contractors,NOV - ZOORAB DJ for DIGITAL Party,200,DAI,0xc3d6b3189cb174304fab74565a59bbe51412d20c,https://polygonscan.com/tx/0x4534a1e0690ff5cd571fe1d2a136d6388063f03cd65417eb7a4258c2c853bd12
48,5ba8e6d2-e782-4b27-972b-03d8f24a0d73,b136bb90-648b-11ee-a1c9-233702efe10a,grant,In-World Content,Contractors,NOV - Esh DJ for IRL Party,200,DAI,0x179868606aecd530968cc20b6fe0dbf3838f0602,https://polygonscan.com/tx/0x4534a1e0690ff5cd571fe1d2a136d6388063f03cd65417eb7a4258c2c853bd12
49,5ba8e6d2-e782-4b27-972b-03d8f24a0d73,b136bb90-648b-11ee-a1c9-233702efe10a,grant,In-World Content,Contractors,NOV - Penelope DJ for IRL Party,200,DAI,0x77ac43a75943ebe8ff081b881a79ddc8c8d88722,https://polygonscan.com/tx/0x4534a1e0690ff5cd571fe1d2a136d6388063f03cd65417eb7a4258c2c853bd12
50,5ba8e6d2-e782-4b27-972b-03d8f24a0d73,b136bb90-648b-11ee-a1c9-233702efe10a,grant,In-World Content,Contractors,NOV - ME.N.U // DR. PHI DJ for IRL Party,200,DAI,0xffffaab1e971dd0c2eee7aa9b5ef4582577b1f7f,https://polygonscan.com/tx/0x4534a1e0690ff5cd571fe1d2a136d6388063f03cd65417eb7a4258c2c853bd12
51,89c68790-402a-491a-a63e-804fe279599a,c964129c-d517-4e3c-a564-e98cbe81d305,grant,Platform,Team Compensation,Selection and related issues,1600,DAI,0x8acb9cD89273fB013c544e51d16Fc383e7Ee216e,https://etherscan.io/tx/0x074efdd6c4e9eeedfe6797b0ac2ec3f34b9d66e9c2c310bf78e922f4bafb990c
52,8e7b5bd8-f6bf-44f9-838e-48f9d853bf56,e2f4a6f2-2e2b-45d7-9743-71d50225af06,grant,Core Unit,Team Compensation,Grants Manager - Fifi - dec23,3500,DAI,0x4b1c7461715c3489a596cd8d0974bb1d13b397fe,https://etherscan.io/tx/0x9300f8eab2ba83c10d65e53f421e53d5a80c2b49278801b9461ed1e0838e5977
53,8e7b5bd8-f6bf-44f9-838e-48f9d853bf56,e2f4a6f2-2e2b-45d7-9743-71d50225af06,grant,Core Unit,Team Compensation,Grants Accountability Manager - Zino - dec23,4000,DAI,0xa88e62b427ae1029c685808092818001f73649bf,https://etherscan.io/tx/0x9300f8eab2ba83c10d65e53f421e53d5a80c2b49278801b9461ed1e0838e5977
54,8e7b5bd8-f6bf-44f9-838e-48f9d853bf56,e2f4a6f2-2e2b-45d7-9743-71d50225af06,grant,Core Unit,Team Compensation,Grants Managers Coordinator - Palewin - dec23,3000,DAI,0x6ff836e2a208826e3955af3f6ccbee5bb87a3f75,https://etherscan.io/tx/0x9300f8eab2ba83c10d65e53f421e53d5a80c2b49278801b9461ed1e0838e5977
55,8e7b5bd8-f6bf-44f9-838e-48f9d853bf56,e2f4a6f2-2e2b-45d7-9743-71d50225af06,grant,Core Unit,Team Compensation,Grants Program Advisor - Yararasita - dec23,1800,DAI,0xe68ddd093f2a71125f1f5411e09eb9f55fc4b256,https://etherscan.io/tx/0x9300f8eab2ba83c10d65e53f421e53d5a80c2b49278801b9461ed1e0838e5977
56,8e7b5bd8-f6bf-44f9-838e-48f9d853bf56,e2f4a6f2-2e2b-45d7-9743-71d50225af06,grant,Core Unit,Tools & Services,OpenAI (Notion) - 6month - refund,60,DAI,0x4b1c7461715c3489a596cd8d0974bb1d13b397fe,https://etherscan.io/tx/0x9dfecc07f5f5e82386dea6b4ab02efa5c25b822154a1f05f5f421713b9c73149
57,8e7b5bd8-f6bf-44f9-838e-48f9d853bf56,e2f4a6f2-2e2b-45d7-9743-71d50225af06,grant,Core Unit,Tools & Services,OpenAI - 6month - refund,120,DAI,0x6ff836e2a208826e3955af3f6ccbee5bb87a3f75,https://etherscan.io/tx/0x9dfecc07f5f5e82386dea6b4ab02efa5c25b822154a1f05f5f421713b9c73149
58,8e7b5bd8-f6bf-44f9-838e-48f9d853bf56,e2f4a6f2-2e2b-45d7-9743-71d50225af06,grant,Core Unit,Tools & Services,OpenAI - 6month - refund,120,DAI,0xa88e62b427ae1029c685808092818001f73649bf,https://etherscan.io/tx/0x9dfecc07f5f5e82386dea6b4ab02efa5c25b822154a1f05f5f421713b9c73149
59,8e7b5bd8-f6bf-44f9-838e-48f9d853bf56,e2f4a6f2-2e2b-45d7-9743-71d50225af06,grant,Core Unit,Other,Intl. Shipping Onboarding Kit - refund,1696,DAI,0x6ff836e2a208826e3955af3f6ccbee5bb87a3f75,https://etherscan.io/tx/0x9dfecc07f5f5e82386dea6b4ab02efa5c25b822154a1f05f5f421713b9c73149
31,54ac2df8-e3d6-11ed-ae6b-bdc7e2b26a35,04f1cd70-d8d6-11ed-bfff-7567e61aeee0,grant,Accelerator,Team Compensation,4 devs monthly salary,12000,USDT,0xF746DB7B2885B7162c58519Ac9d256D43d234a05,https://etherscan.io/address/0xF746DB7B2885B7162c58519Ac9d256D43d234a05
29,92e22e3c-4ed4-4c99-bb48-ddbbf3741bcb,d85bdf8e-bdfc-47cf-b6c6-6b55f7a96d93,grant,Platform,Team Compensation,operations november Salary,2000,DAI,0x674eBFC3eb6C0Bc548d470CBa948d2929be472D7,https://etherscan.io/tx/0xdd111af3afaeb753d5fdb904ccc310fd69feba6c7cd0f35b7b79ad6a20b75269
60,7e3483f5-3b99-11ee-9496-2daa447e4bf3,7e1d76d0-1a9a-11ee-a5d8-fbedad1981e4,grant,Core Unit,Team Compensation,Dev Monthly Salary,5724,DAI,0xb579d0804ab2a996615c8ad797158a33e08f7d57,https://etherscan.io/tx/0xd642d8e702cf92dd81614befc06886a2b8e228ed33ae6a6206a910bfeda48b25
61,7e3483f5-3b99-11ee-9496-2daa447e4bf3,7e1d76d0-1a9a-11ee-a5d8-fbedad1981e4,grant,Core Unit,Team Compensation,Dev Monthly Salary,4100,DAI,0xc492e358543f34437d946a18b60b6d0b78a42a16,https://etherscan.io/tx/0xd642d8e702cf92dd81614befc06886a2b8e228ed33ae6a6206a910bfeda48b25
62,7e3483f5-3b99-11ee-9496-2daa447e4bf3,7e1d76d0-1a9a-11ee-a5d8-fbedad1981e4,grant,Core Unit,Team Compensation,Dev Monthly Salary,5508,DAI,0x2aa64a76b0a9f96351a5cda740105c4197970fa1,https://etherscan.io/tx/0xd642d8e702cf92dd81614befc06886a2b8e228ed33ae6a6206a910bfeda48b25
63,7e3483f5-3b99-11ee-9496-2daa447e4bf3,7e1d76d0-1a9a-11ee-a5d8-fbedad1981e4,grant,Core Unit,Team Compensation,Product Lead Monthly Salary,8200,DAI,0x01b31645748938b07200795ebf7cc2435b5bd8ba,https://etherscan.io/tx/0xd642d8e702cf92dd81614befc06886a2b8e228ed33ae6a6206a910bfeda48b25
64,7e3483f5-3b99-11ee-9496-2daa447e4bf3,7e1d76d0-1a9a-11ee-a5d8-fbedad1981e4,grant,Core Unit,Team Compensation,Product Design Monthly Salary,1344,DAI,0x59d605a3342be95f2b0b3e244299082c3d51fdb4,https://etherscan.io/tx/0xd642d8e702cf92dd81614befc06886a2b8e228ed33ae6a6206a910bfeda48b25
65,7e3483f5-3b99-11ee-9496-2daa447e4bf3,7e1d76d0-1a9a-11ee-a5d8-fbedad1981e4,grant,Core Unit,Team Compensation,Retroactive Dev Monthly Salary,450,DAI,0xb579d0804ab2a996615c8ad797158a33e08f7d57,https://etherscan.io/tx/0x858737f30309ab0ade4269bef2a750db69665c7987f389c18c141a239c8aef26
66,7e3483f5-3b99-11ee-9496-2daa447e4bf3,7e1d76d0-1a9a-11ee-a5d8-fbedad1981e4,grant,Core Unit,Team Compensation,Retroactive Dev Monthly Salary,335,DAI,0xc492e358543f34437d946a18b60b6d0b78a42a16,https://etherscan.io/tx/0x858737f30309ab0ade4269bef2a750db69665c7987f389c18c141a239c8aef26
67,7e3483f5-3b99-11ee-9496-2daa447e4bf3,7e1d76d0-1a9a-11ee-a5d8-fbedad1981e4,grant,Core Unit,Team Compensation,Retroactive Dev Monthly Salary,450,DAI,0x2aa64a76b0a9f96351a5cda740105c4197970fa1,https://etherscan.io/tx/0x858737f30309ab0ade4269bef2a750db69665c7987f389c18c141a239c8aef26
68,7e3483f5-3b99-11ee-9496-2daa447e4bf3,7e1d76d0-1a9a-11ee-a5d8-fbedad1981e4,grant,Core Unit,Team Compensation,Retroactive Product Lead Monthly Salary,670,DAI,0x01b31645748938b07200795ebf7cc2435b5bd8ba,https://etherscan.io/tx/0x858737f30309ab0ade4269bef2a750db69665c7987f389c18c141a239c8aef26
69,7e3483f5-3b99-11ee-9496-2daa447e4bf3,7e1d76d0-1a9a-11ee-a5d8-fbedad1981e4,grant,Core Unit,Team Compensation,Retroactive Product Design Monthly Salary,373,DAI,0x59d605a3342be95f2b0b3e244299082c3d51fdb4,https://etherscan.io/tx/0x858737f30309ab0ade4269bef2a750db69665c7987f389c18c141a239c8aef26
70,7e3483f5-3b99-11ee-9496-2daa447e4bf3,7e1d76d0-1a9a-11ee-a5d8-fbedad1981e4,grant,Core Unit,Contractors,Governance Foundation Yearly Mainteinance Costs Refund,215,DAI,0x8c340d83e8a9f51a0cdea69d3eb9f04bf3fc3493,https://etherscan.io/tx/0x858737f30309ab0ade4269bef2a750db69665c7987f389c18c141a239c8aef26
76,0a9317e3-4689-11ee-9cfb-8be6460f98c9,55a85fd0-3539-11ee-a39d-ef9ca9e669fd,grant,Sponsorship,Team Compensation,MetaRyuk Compensation,450,DAI,0x3F6b1D01B6823AB235fc343069B62B6472774Cd1,https://etherscan.io/tx/0xb836c913bcc18281e7db5a89f7d10ce33c31863d574e32fb545efd977a0f3b00
85,fa934c53-5733-11ee-9d11-698f2d12cd46,fdae4090-2db5-11ee-a512-65477fceb1b0,grant,Platform,Contractors,Creativity & Growth Round #1 Compensation,2000,DAI,0x8ab7301c94b7330770959f4013111b1d402736ed,https://etherscan.io/tx/0x6c33dfb9e5ae9cbcd567a7217ea5e99cd05c4ad1ec740a29756c1bf6698d2566
86,fa934c53-5733-11ee-9d11-698f2d12cd46,fdae4090-2db5-11ee-a512-65477fceb1b0,grant,Platform,Contractors,Creativity & Growth Round #1 Compensation,2000,DAI,0x8c452f6f814977df942bf312465db5c9600a87a2,https://etherscan.io/tx/0x178d1ff7fcb582b6884f5c2ae9c24b945d345199172c4ea7b5bcf59c66e5beb7
87,fa934c53-5733-11ee-9d11-698f2d12cd46,fdae4090-2db5-11ee-a512-65477fceb1b0,grant,Platform,Contractors,Creativity & Growth Round #1 Compensation,1500,DAI,0x5dffc103764d035f5045ffb2107d57861ddb7689,https://etherscan.io/tx/0x6f83b53719a13ee966ef9ed007538bd6437c7010991f3c632d6af74db757bebf
88,fa934c53-5733-11ee-9d11-698f2d12cd46,fdae4090-2db5-11ee-a512-65477fceb1b0,grant,Platform,Contractors,Creativity & Growth Round #1 Compensation,2000,DAI,0x74655ae4feb6af3cdee1d12d6a034c8f02901721,https://etherscan.io/tx/0x2b8a97c5f6da3a864a21a4826e9fc24383b9a63bf7a4704b8b99c0ab0546708c
89,fa934c53-5733-11ee-9d11-698f2d12cd46,fdae4090-2db5-11ee-a512-65477fceb1b0,grant,Platform,Contractors,Creativity & Growth Round #1 Compensation,2000,DAI,0x9AD2DfC6f715C66C8dBBF679fdd58b4421CD2d9F,https://etherscan.io/tx/0x7abd2965a3bbd33419a5ecc5ba415fc37da3e25edc8092d73952a9dc2e700ed6
90,fa934c53-5733-11ee-9d11-698f2d12cd46,fdae4090-2db5-11ee-a512-65477fceb1b0,grant,Platform,Contractors,Creativity & Growth Round #1 Compensation,2000,DAI,0x2d83fff2d4ce9f629bd636efccff1662eb206fc4,https://etherscan.io/tx/0x287937c5ea838b04c22bd99c4fce563f3009485df207c1e4c3132befd7f7917e
91,fa934c53-5733-11ee-9d11-698f2d12cd46,fdae4090-2db5-11ee-a512-65477fceb1b0,grant,Platform,Contractors,Creativity & Growth Round #1 Compensation,2000,DAI,0x78227f199d663ae8dc396e65693f2ecc78aa87e5,https://etherscan.io/tx/0xcde3bfa5a585f3ca1e97abc915e0c0a56c4f4502ce92ac0c95bce4067fb84525
92,fa934c53-5733-11ee-9d11-698f2d12cd46,fdae4090-2db5-11ee-a512-65477fceb1b0,grant,Platform,Contractors,Creativity & Growth Round #1 Compensation,2000,DAI,0xb58906cf122b8b1ef15e9eb7539e1b6b0ad050d9,https://etherscan.io/tx/0xc4e507f7d717e0def9333a7e814e6877ea8083ea49296bd8a6f4526615188109
93,fa934c53-5733-11ee-9d11-698f2d12cd46,fdae4090-2db5-11ee-a512-65477fceb1b0,grant,Platform,Contractors,Creativity & Growth Round #1 Compensation,2000,DAI,0xD876275C67809B9F30C90acC17bE0745689478bC,https://etherscan.io/tx/0x2e049d539b44e4f305434d33399762f4b69ad201a8468bdf3b40dcba5a53a4bf
94,fa934c53-5733-11ee-9d11-698f2d12cd46,fdae4090-2db5-11ee-a512-65477fceb1b0,grant,Platform,Contractors,Creativity & Growth Round #1 Compensation,500,DAI,0x7a47b459e778cb50025663b6c031c3867303f6da,https://etherscan.io/tx/0xe09c022c71a4b6be60075a66bc27926a9516950cd2b78b7d46acbe0c33608bbb
95,fa934c53-5733-11ee-9d11-698f2d12cd46,fdae4090-2db5-11ee-a512-65477fceb1b0,grant,Platform,Team Compensation,PM Compensation,2000,DAI,0xBC3FEa1A0DD32510D875dA88c9d61D3E87008B03,https://etherscan.io/tx/0x6c33dfb9e5ae9cbcd567a7217ea5e99cd05c4ad1ec740a29756c1bf6698d2566
96,fa934c53-5733-11ee-9d11-698f2d12cd46,fdae4090-2db5-11ee-a512-65477fceb1b0,grant,Platform,Team Compensation,PM Compensation,2000,DAI,0xBC3FEa1A0DD32510D875dA88c9d61D3E87008B03,https://etherscan.io/tx/0x6c33dfb9e5ae9cbcd567a7217ea5e99cd05c4ad1ec740a29756c1bf6698d2566
97,7b0ab4dd-9ece-413e-8b5e-76f4671797bf,531a102b-e4b8-4ed3-8ccc-9aa30bfb7992,grant,Social Media Content,Team Compensation,Monthly salary to copywrite-design-distribute contents and pay for the design softwares,2502,MANA,0x531aA0845cF473A55BB5bc8cda5E04Ea5B27C726,https://etherscan.io/tx/0x74a3ba020abcf9b1c37cf874072a4b5a8e3af00ddfc704e22286b10629a45689
98,9a755d30-577f-11ee-928e-f3cf6b63fb15,122c02b0-4b38-11ee-8dc1-47e81c0c49b1,grant,Platform,Team Compensation,Developers and Tools,42500,USD,0x4e54dA189F2eC8e3704051df5D694dd9500D88AB,https://etherscan.io/tx/0x0a8da592f1b35406c74618f6a294a43a2e5ce9cce177ef3283baaff5ea7c9fea
99,b023989f-28c4-4297-ac3f-7c4ee5187bc3,cb04d870-5ff6-11ee-af3f-d9f6b00b3bf3,grant,Platform,Team Compensation,(December) Develop and mantain bevy-explorer,11812,DAI,0x85bc980eb632434c562414791146cc86cea12c51,https://etherscan.io/tx/0x2b4dbd3816b8561f6337d48a8abbab32301f57159a0d2b8e20cc511426257422
100,b023989f-28c4-4297-ac3f-7c4ee5187bc3,cb04d870-5ff6-11ee-af3f-d9f6b00b3bf3,grant,Platform,Team Compensation,(December) Develop and mantain godot-explorer,10535,DAI,0x6db12e73904eb12f9c40b7d995b2a870254b3625,https://etherscan.io/tx/0x2b4dbd3816b8561f6337d48a8abbab32301f57159a0d2b8e20cc511426257422
101,b023989f-28c4-4297-ac3f-7c4ee5187bc3,cb04d870-5ff6-11ee-af3f-d9f6b00b3bf3,grant,Platform,Team Compensation,(December) Develop and mantain godot-explorer,10500,DAI,0xbcae59ff0aa916b6c38adde712c39da3eb5443c4,https://etherscan.io/tx/0x2b4dbd3816b8561f6337d48a8abbab32301f57159a0d2b8e20cc511426257422
102,b023989f-28c4-4297-ac3f-7c4ee5187bc3,cb04d870-5ff6-11ee-af3f-d9f6b00b3bf3,grant,Platform,Team Compensation,(December) Develop and mantain scene-explorer-tests,1200,DAI,0xae185e420a7b0e82963f6edb80078d0ce9d40b40,https://etherscan.io/tx/0x2b4dbd3816b8561f6337d48a8abbab32301f57159a0d2b8e20cc511426257422
104,6f3a9462-eb5d-49e0-aa6c-ba3c6d0fa8cb,5a5c472b-0ed2-4086-b7fc-22e37b4ad39c,grant,Core Unit,Team Compensation,Fehz Compensation - (December),5500,DAI,0x2438651577Ac49342074a18eb199BB8C6E92cFEa,https://etherscan.io/tx/0x0ce577fb0f90fdd90b0b35fd577fb4951256684384df1d1f31ae7c17c738d168
105,6f3a9462-eb5d-49e0-aa6c-ba3c6d0fa8cb,5a5c472b-0ed2-4086-b7fc-22e37b4ad39c,grant,Core Unit,Team Compensation,Fractilians - Compensation (December),5500,DAI,0x8b7c37671f37Db95e9d84714f7A4464d552aa0EA,https://etherscan.io/tx/0x1f141b9fa424dcefb35ae7af4971a7383d955d526985dfb6f36847735fb4630d
106,6f3a9462-eb5d-49e0-aa6c-ba3c6d0fa8cb,5a5c472b-0ed2-4086-b7fc-22e37b4ad39c,grant,Core Unit,Team Compensation,Ivey - Compensation (December),750,DAI,0x5c575fc796056b6427733077aca4a5c7d10ca6d0,https://etherscan.io/tx/0x90b184555a7a2377737e50ed867b5bc1a62a0b2ecb7b1ee0ef1402370413dcac
107,6f3a9462-eb5d-49e0-aa6c-ba3c6d0fa8cb,5a5c472b-0ed2-4086-b7fc-22e37b4ad39c,grant,Core Unit,Team Compensation,Kanwulf - Compensation (December),750,DAI,0x1bc1ab328dbfef58b9600184541aa0056c4631f7,https://etherscan.io/tx/0x32e8e09c5800ebd33b8408de0d4194ec4e85d238ac9e7ab9c7a57bcbd680dbf3
108,3fc299c1-8aa8-4746-a908-a25a1ea3b06b,aebc4db6-d96c-4c4c-b2c0-2a2d0003e64d,grant,Platform,Team Compensation,Full Stack Dev Monthly,2000,DAI,0xD58607F5323e4966a8c871E155Cee9489CF8c469,
109,3fc299c1-8aa8-4746-a908-a25a1ea3b06b,aebc4db6-d96c-4c4c-b2c0-2a2d0003e64d,grant,Platform,Tools & Services,Website Hosting,26,DAI,0xD58607F5323e4966a8c871E155Cee9489CF8c469,
110,a8d85a54-4c06-11ee-a2e0-b78adf7d068d,ca7784f0-3988-11ee-aec9-fb54fc0c7896,grant,Platform,Team Compensation,month 5,28333,DAI,0xe96f1c6B08b1d932Df11E78A040a75B546ab8d2B,https://etherscan.io/tx/0xc37ae5b8b15096681eaea5fec342eef9492e1cbe08bdb27e4cb729b1eebbd166
111,6b466fbd-2a87-4c64-9f77-ce5481c7ff00,6dfe5a60-6222-11ee-921b-3b664a734355,grant,In-World Content,Team Compensation,Voxel Architects Operations & Strategy,1000,DAI,0x42B15B64B6D1638eD91A86CAC30a36313b6C8C5d,https://etherscan.io/tx/0x2da8325e24fd2b6ac90b70305c93f3d7e9fb1bddfefbb392d292a3048231fbd7
112,6b466fbd-2a87-4c64-9f77-ce5481c7ff00,6dfe5a60-6222-11ee-921b-3b664a734355,grant,In-World Content,Team Compensation,Voxel Architects Project Manager,2717,DAI,0x42B15B64B6D1638eD91A86CAC30a36313b6C8C5d,https://etherscan.io/tx/0x2da8325e24fd2b6ac90b70305c93f3d7e9fb1bddfefbb392d292a3048231fbd7
113,6b466fbd-2a87-4c64-9f77-ce5481c7ff00,6dfe5a60-6222-11ee-921b-3b664a734355,grant,In-World Content,Team Compensation,Voxel Architects Designer,2445,DAI,0x42B15B64B6D1638eD91A86CAC30a36313b6C8C5d,https://etherscan.io/tx/0x2da8325e24fd2b6ac90b70305c93f3d7e9fb1bddfefbb392d292a3048231fbd7
114,6b466fbd-2a87-4c64-9f77-ce5481c7ff00,6dfe5a60-6222-11ee-921b-3b664a734355,grant,In-World Content,Team Compensation,Voxel Architects Modeller 1,1350,DAI,0x42B15B64B6D1638eD91A86CAC30a36313b6C8C5d,https://etherscan.io/tx/0x2da8325e24fd2b6ac90b70305c93f3d7e9fb1bddfefbb392d292a3048231fbd7
115,6b466fbd-2a87-4c64-9f77-ce5481c7ff00,6dfe5a60-6222-11ee-921b-3b664a734355,grant,In-World Content,Team Compensation,Voxel Architects Modeller 2,1629,DAI,0x42B15B64B6D1638eD91A86CAC30a36313b6C8C5d,https://etherscan.io/tx/0x2da8325e24fd2b6ac90b70305c93f3d7e9fb1bddfefbb392d292a3048231fbd7
116,6b466fbd-2a87-4c64-9f77-ce5481c7ff00,6dfe5a60-6222-11ee-921b-3b664a734355,grant,In-World Content,Team Compensation,Voxel Architects Modeller 3,840,DAI,0x42B15B64B6D1638eD91A86CAC30a36313b6C8C5d,https://etherscan.io/tx/0x2da8325e24fd2b6ac90b70305c93f3d7e9fb1bddfefbb392d292a3048231fbd7
117,6b466fbd-2a87-4c64-9f77-ce5481c7ff00,6dfe5a60-6222-11ee-921b-3b664a734355,grant,In-World Content,Team Compensation,Vegas City Developer 1,3000,DAI,0xa1614c4decbfa292d35021c03da1eb4dedc06384,https://etherscan.io/tx/0x1d135b369ab73d0577ebe426513c95b32dfc6d946de42e34b1912bae9d444e31
118,6b466fbd-2a87-4c64-9f77-ce5481c7ff00,6dfe5a60-6222-11ee-921b-3b664a734355,grant,In-World Content,Team Compensation,Vegas City Developer 2,3000,DAI,0xa1614c4decbfa292d35021c03da1eb4dedc06384,https://etherscan.io/tx/0x1d135b369ab73d0577ebe426513c95b32dfc6d946de42e34b1912bae9d444e31
119,6b466fbd-2a87-4c64-9f77-ce5481c7ff00,6dfe5a60-6222-11ee-921b-3b664a734355,grant,In-World Content,Team Compensation,Vegas City Architect/Lead,1000,DAI,0xa1614c4decbfa292d35021c03da1eb4dedc06384,https://etherscan.io/tx/0x1d135b369ab73d0577ebe426513c95b32dfc6d946de42e34b1912bae9d444e31
120,6b466fbd-2a87-4c64-9f77-ce5481c7ff00,6dfe5a60-6222-11ee-921b-3b664a734355,grant,In-World Content,Team Compensation,Vegas City Test,500,DAI,0xa1614c4decbfa292d35021c03da1eb4dedc06384,https://etherscan.io/tx/0x1d135b369ab73d0577ebe426513c95b32dfc6d946de42e34b1912bae9d444e31
121,6b466fbd-2a87-4c64-9f77-ce5481c7ff00,6dfe5a60-6222-11ee-921b-3b664a734355,grant,In-World Content,Team Compensation,Vegas City Project Manager,2000,DAI,0xa1614c4decbfa292d35021c03da1eb4dedc06384,https://etherscan.io/tx/0x1d135b369ab73d0577ebe426513c95b32dfc6d946de42e34b1912bae9d444e31
122,6b466fbd-2a87-4c64-9f77-ce5481c7ff00,6dfe5a60-6222-11ee-921b-3b664a734355,grant,In-World Content,Team Compensation,Vegas City Operations,500,DAI,0xa1614c4decbfa292d35021c03da1eb4dedc06384,https://etherscan.io/tx/0x1d135b369ab73d0577ebe426513c95b32dfc6d946de42e34b1912bae9d444e31
124,893e1ab1-12c8-4dae-b4e0-38d1ca1c3b52,fe85ab06-618d-4181-960d-fc32d5f0a7e1,grant,Platform,Other,This line is apparently required to publish update,1,USDC,0xe64581F067Cfdce58657E3c0F58175e638C30f2B,
125,12d20401-e050-431a-a186-b2a886a3d316,847303a0-b8a8-11ed-95dc-afd12ca00986,grant,In-World Content,Team Compensation,2 month,9166,DAI,0x1D11f567D0b4486Ae3857284c2603FF0Faf8aD5E,https://etherscan.io/tx/0x0a8da592f1b35406c74618f6a294a43a2e5ce9cce177ef3283baaff5ea7c9fea
126,496bc873-4681-11ee-ab1f-97157a05bdec,dcfc1f80-235f-11ee-8ace-3bf098daeebe,grant,Social Media Content,Team Compensation,Compensation for work rendered during the month of January to include reimbursement for ads software and other items,5833,DAI,0x2D7526b8aB977204920D9ec74F62510101BC84E0,https://etherscan.io/tx/0x0bdd8e2f0cc4bf5a5b42c1917e45c27c5c7863da15ba4940178adbf9556acf5c
127,99013b13-6204-11ee-921b-3b664a734355,fe96cc60-182b-11ee-93a7-ed9294f83f74,grant,In-World Content,Other,Monthly Salary and for Payment to Guests,2500,DAI,0x082f2A8ea1D8E3ee24c20d12452B7E851ad0D5DD,https://etherscan.io/tx/0x544c051a59a0196e47dc735632ac9776c7a7cb04addaeb6c8af30c0a683d9950
128,99013b13-6204-11ee-921b-3b664a734355,fe96cc60-182b-11ee-93a7-ed9294f83f74,grant,In-World Content,Other,Monthly Salary and for Payment to guests,1000,DAI,0x082f2A8ea1D8E3ee24c20d12452B7E851ad0D5DD,https://etherscan.io/tx/0xfc34f3b74f796af33a79dd633f2288879de7ab19751c6215ff5fff78546c76fb
129,99013b13-6204-11ee-921b-3b664a734355,fe96cc60-182b-11ee-93a7-ed9294f83f74,grant,In-World Content,Other,Monthly Salary and for Payment to guests,1000,DAI,0x082f2A8ea1D8E3ee24c20d12452B7E851ad0D5DD,https://etherscan.io/tx/0x54b6dcc04f01fc6b9d42c3edccb732be994ccf60aee7efa5c9fdd96c5dfb81e4
130,afe65391-5c84-11ee-abd9-01bdc8ef3aac,1740a740-4db0-11ee-beb5-696f9c967b67,grant,Documentation,Team Compensation,Personal Expense,3935,DAI,0x8D62189E991597b1aE712b68E6ef87C9F46f9BbB,https://etherscan.io/tx/0x3186ed2ad5ea5ddfeaab2ea70c314126491e5cc10429dbd7d77a48887ce830d3
131,afe65391-5c84-11ee-abd9-01bdc8ef3aac,1740a740-4db0-11ee-beb5-696f9c967b67,grant,Documentation,Tools & Services,Adobe CS,65,DAI,0x8D62189E991597b1aE712b68E6ef87C9F46f9BbB,https://etherscan.io/tx/0x3186ed2ad5ea5ddfeaab2ea70c314126491e5cc10429dbd7d77a48887ce830d3
132,61fb0195-2ad3-11ee-8fbb-d9eddf5c2b3f,b51854d0-1666-11ee-93a7-ed9294f83f74,grant,Core Unit,Team Compensation,DAO strategic facilitation,5333,DAI,0x7266baC9E08d645B160dDd769b5b7e311196539b,https://etherscan.io/tx/0x7a74a678e8e8fd14732df15e7802547cd52f79f81a0460225fb94feafd6385f5
133,ee1b9834-308a-11ee-a512-65477fceb1b0,17783750-18d1-11ee-93a7-ed9294f83f74,grant,In-World Content,Team Compensation,SDK and Backend Development Team Salary,9500,DAI,0xF5A0b294F9193E7aAfF255E9e962456495eCf5FD,https://etherscan.io/tx/0x39bf6b0fa2b62b741b82ba41189301eaa8c0b6eb4c039d4db398dcf45f4f1839
134,ee1b9834-308a-11ee-a512-65477fceb1b0,17783750-18d1-11ee-93a7-ed9294f83f74,grant,In-World Content,Other,Management,6570,DAI,0x447C9058bE5c164e0c4aae380381e7A5215052D4,https://etherscan.io/tx/0x61cba6802ecd56776f6877ecd44f7023e266ce57042fde6bd2f77ac4bd9d0bcd
138,5d379973-bc9b-43a0-be8e-0e531a9f86ca,3d4be4a7-a007-4fa0-8f97-71e2385684a0,grant,Sponsorship,Other,DAO > Foundation for travel expenditures,10000,DAI,0xc8A3496559bCa9e1a8883dBEaC2E2B9E5D83a0F4,https://etherscan.io/tx/0xd3341f4788e606be78902f26745ee6eedff23b2171430dcf934609c596e02699
139,5d379973-bc9b-43a0-be8e-0e531a9f86ca,3d4be4a7-a007-4fa0-8f97-71e2385684a0,grant,Sponsorship,Other,DAO > Foundation for travel expenditures,10000,DAI,0xc8A3496559bCa9e1a8883dBEaC2E2B9E5D83a0F4,https://etherscan.io/tx/0x647785685f1862daaa15b789094f4d8f61bc3f7a3357ec10ea82bb9166d8ddbe
135,993d1d45-3b91-11ee-9496-2daa447e4bf3,0e970750-2052-11ee-b5f5-f3f361e3b760,grant,Social Media Content,Team Compensation,Decentraland Brazil Team Wage,6000,DAI,0x3429CbFf7EB34e4C9dD9D7E41041fd7b2a01FdB0,https://etherscan.io/tx/0x11064bcd16a3f5b7a2c4f5f0b7dd40ca815676ad3ef8a2b00eabaab1fc1dab46
142,5dc34bb8-4895-4e15-91cb-07c5836c92e8,b136bb90-648b-11ee-a1c9-233702efe10a,grant,In-World Content,Marketing,OCT - MARKETING,200,DAI,0xddf4da877d64c694ac69175feedb19a2591f7d7f,https://polygonscan.com/tx/0x80024395ab4f7fe8fec34d66026d6d753e2d44b481ed35f331a9490c914c0e1f
143,5dc34bb8-4895-4e15-91cb-07c5836c92e8,b136bb90-648b-11ee-a1c9-233702efe10a,grant,In-World Content,Marketing,NOV - MARKETING,200,DAI,0xddf4da877d64c694ac69175feedb19a2591f7d7f,https://polygonscan.com/tx/0x80024395ab4f7fe8fec34d66026d6d753e2d44b481ed35f331a9490c914c0e1f
144,5dc34bb8-4895-4e15-91cb-07c5836c92e8,b136bb90-648b-11ee-a1c9-233702efe10a,grant,In-World Content,Marketing,DEC - MARKETING,150,DAI,0x1771e483fc81a4a35fb659f18e75a55e8af0cde8,https://polygonscan.com/tx/0x326f029d9f37a83a67c79db87e7e3701dbf1519e748c2659b1111d535c7d0e3f
145,5dc34bb8-4895-4e15-91cb-07c5836c92e8,b136bb90-648b-11ee-a1c9-233702efe10a,grant,In-World Content,Marketing,DEC - MARKETING,50,DAI,0xddf4da877d64c694ac69175feedb19a2591f7d7f,https://polygonscan.com/tx/0x326f029d9f37a83a67c79db87e7e3701dbf1519e748c2659b1111d535c7d0e3f
146,5dc34bb8-4895-4e15-91cb-07c5836c92e8,b136bb90-648b-11ee-a1c9-233702efe10a,grant,In-World Content,Contractors,DEC - Teya Flow DJ for IRL Party,200,DAI,0x2605c70f87d3a188d42688f55fb576540435c65a,https://polygonscan.com/tx/0xd2a7e220d4b78bfe257cf73ab1c494905e49756d9ed32d02d9864f4f311b6c3b
147,5dc34bb8-4895-4e15-91cb-07c5836c92e8,b136bb90-648b-11ee-a1c9-233702efe10a,grant,In-World Content,Contractors,DEC - ZOORAB DJ for DIGITAL Party,200,DAI,0xc3d6b3189cb174304fab74565a59bbe51412d20c,https://polygonscan.com/tx/0xd2a7e220d4b78bfe257cf73ab1c494905e49756d9ed32d02d9864f4f311b6c3b
148,5dc34bb8-4895-4e15-91cb-07c5836c92e8,b136bb90-648b-11ee-a1c9-233702efe10a,grant,In-World Content,Contractors,DEC - D-Noise DJ for DIGITAL Party,200,DAI,0xa59c5a5ca452e7cd86afa6d25d608c689fbec43a,https://polygonscan.com/tx/0xd2a7e220d4b78bfe257cf73ab1c494905e49756d9ed32d02d9864f4f311b6c3b
149,5dc34bb8-4895-4e15-91cb-07c5836c92e8,b136bb90-648b-11ee-a1c9-233702efe10a,grant,In-World Content,Contractors,DEC - Kaspar DJ for DIGITAL Party,200,DAI,0x2ea13fcbdcb6324c357db1f7915f9c25007a7e09,https://polygonscan.com/tx/0xd2a7e220d4b78bfe257cf73ab1c494905e49756d9ed32d02d9864f4f311b6c3b
150,5dc34bb8-4895-4e15-91cb-07c5836c92e8,b136bb90-648b-11ee-a1c9-233702efe10a,grant,In-World Content,Contractors,DEC - TōPū DJ for DIGITAL Party,200,DAI,0x9d0b9ed72317f02c3f161b82ed28ea785f3a5fe2,https://polygonscan.com/tx/0xd2a7e220d4b78bfe257cf73ab1c494905e49756d9ed32d02d9864f4f311b6c3b
151,5dc34bb8-4895-4e15-91cb-07c5836c92e8,b136bb90-648b-11ee-a1c9-233702efe10a,grant,In-World Content,Contractors,DEC - Vince MG DJ for DIGITAL Party,200,DAI,0x8ee588b51660403d44d713786c4c87d2ea41afd3,https://polygonscan.com/tx/0x85bd9c5e4e595761b32811fb121d97f5384bfc5021eab80938c38fac00ebf67d
152,5dc34bb8-4895-4e15-91cb-07c5836c92e8,b136bb90-648b-11ee-a1c9-233702efe10a,grant,In-World Content,Contractors,DEC - HUGO CANTARRA DJ for DIGITAL Party,200,DAI,0x64a176b140e7126a6be55a50be373d9430877ce9,https://polygonscan.com/tx/0x85bd9c5e4e595761b32811fb121d97f5384bfc5021eab80938c38fac00ebf67d
153,5dc34bb8-4895-4e15-91cb-07c5836c92e8,b136bb90-648b-11ee-a1c9-233702efe10a,grant,In-World Content,Contractors,JAN - ME.N.U // DR. PHI DJ for DIGITAL Party,200,DAI,0xffffaab1e971dd0c2eee7aa9b5ef4582577b1f7f,https://polygonscan.com/tx/0xd2a7e220d4b78bfe257cf73ab1c494905e49756d9ed32d02d9864f4f311b6c3b
154,5dc34bb8-4895-4e15-91cb-07c5836c92e8,b136bb90-648b-11ee-a1c9-233702efe10a,grant,In-World Content,Contractors,JAN - Gad DJ for DIGITAL Party,200,DAI,0x6997a92016e7fc2657040d27b5657d3f73d1eee3,https://polygonscan.com/tx/0xd2a7e220d4b78bfe257cf73ab1c494905e49756d9ed32d02d9864f4f311b6c3b
155,5dc34bb8-4895-4e15-91cb-07c5836c92e8,b136bb90-648b-11ee-a1c9-233702efe10a,grant,In-World Content,Contractors,JAN - SAMUSE DJ for DIGITAL Party,200,DAI,0x7099a1da2169ed7c56ba1b4d3f0ded2175ea2e92,https://polygonscan.com/tx/0xd2a7e220d4b78bfe257cf73ab1c494905e49756d9ed32d02d9864f4f311b6c3b
156,5dc34bb8-4895-4e15-91cb-07c5836c92e8,b136bb90-648b-11ee-a1c9-233702efe10a,grant,In-World Content,Contractors,JAN - undefined DJ for DIGITAL Party,200,DAI,0xf14ad548c8ffdc754173ef62c8e2ff8e1c7c2b85,https://polygonscan.com/tx/0xd2a7e220d4b78bfe257cf73ab1c494905e49756d9ed32d02d9864f4f311b6c3b
157,5dc34bb8-4895-4e15-91cb-07c5836c92e8,b136bb90-648b-11ee-a1c9-233702efe10a,grant,In-World Content,Contractors,JAN - DJ Denzo DJ for IRL Party,200,DAI,0xafded05b8324a10b56606339662d9e9ac20d33f4,https://polygonscan.com/tx/0x1a1c97211c1f2afe6515b0ed1341a5d70d92c1f1eea5a4d08f04936b5f649912
158,5dc34bb8-4895-4e15-91cb-07c5836c92e8,b136bb90-648b-11ee-a1c9-233702efe10a,grant,In-World Content,Contractors,JAN - Vince MG DJ for DIGITAL Party,200,DAI,0x8ee588b51660403d44d713786c4c87d2ea41afd3,https://polygonscan.com/tx/0x1a1c97211c1f2afe6515b0ed1341a5d70d92c1f1eea5a4d08f04936b5f649912
159,5dc34bb8-4895-4e15-91cb-07c5836c92e8,b136bb90-648b-11ee-a1c9-233702efe10a,grant,In-World Content,Contractors,JAN - Mihail Petrovski DJ for DIGITAL Party,200,DAI,0xb9d9df4e15ff19fd9a6a945451f0eb183d91f8e0,https://polygonscan.com/tx/0x1a1c97211c1f2afe6515b0ed1341a5d70d92c1f1eea5a4d08f04936b5f649912
160,5dc34bb8-4895-4e15-91cb-07c5836c92e8,b136bb90-648b-11ee-a1c9-233702efe10a,grant,In-World Content,Tools & Services,Camera,1300,DAI,0xFfffaAB1e971dd0C2EEE7Aa9b5Ef4582577b1f7f,https://polygonscan.com/tx/0x729b4a9b9cfa3afd92fdd2e82c2803c0ffce6564167525e6ad48a1713d263ff2
161,c682b6a3-ef8d-4d39-bbb2-4ea340d96630,e2f4a6f2-2e2b-45d7-9743-71d50225af06,grant,Core Unit,Team Compensation,Grants Manager - Fifi - dec23,3500,DAI,0x4b1c7461715c3489a596cd8d0974bb1d13b397fe,https://etherscan.io/tx/0xa6d5e60f0d2ba76203aa304ce5fef87e611e187bab8fac6c4132d7aef4695fbe
162,c682b6a3-ef8d-4d39-bbb2-4ea340d96630,e2f4a6f2-2e2b-45d7-9743-71d50225af06,grant,Core Unit,Team Compensation,Grants Accountability Manager - Zino - dec23,4000,DAI,0xa88e62b427ae1029c685808092818001f73649bf,https://etherscan.io/tx/0xa6d5e60f0d2ba76203aa304ce5fef87e611e187bab8fac6c4132d7aef4695fbe
163,c682b6a3-ef8d-4d39-bbb2-4ea340d96630,e2f4a6f2-2e2b-45d7-9743-71d50225af06,grant,Core Unit,Team Compensation,Grants Managers Coordinator - Palewin - dec23,3000,DAI,0x6ff836e2a208826e3955af3f6ccbee5bb87a3f75,https://etherscan.io/tx/0xa6d5e60f0d2ba76203aa304ce5fef87e611e187bab8fac6c4132d7aef4695fbe
164,c682b6a3-ef8d-4d39-bbb2-4ea340d96630,e2f4a6f2-2e2b-45d7-9743-71d50225af06,grant,Core Unit,Team Compensation,Grants Program Advisor - Yararasita - dec23,1800,DAI,0xe68ddd093f2a71125f1f5411e09eb9f55fc4b256,https://etherscan.io/tx/0xa6d5e60f0d2ba76203aa304ce5fef87e611e187bab8fac6c4132d7aef4695fbe
166,6ab53590-0f48-4990-b9d9-123b35767445,c964129c-d517-4e3c-a564-e98cbe81d305,grant,Platform,Team Compensation,Working with data,1600,DAI,0x8acb9cD89273fB013c544e51d16Fc383e7Ee216e,https://etherscan.io/tx/0x192ddd39577c348ff00113103ba3d4cdc051859098178bb99b4fea7e2881551d
165,54ac5500-e3d6-11ed-ae6b-bdc7e2b26a35,04f1cd70-d8d6-11ed-bfff-7567e61aeee0,grant,Accelerator,Team Compensation,4 devs monthly salary,12000,USDT,0xF746DB7B2885B7162c58519Ac9d256D43d234a05,https://etherscan.io/address/0xF746DB7B2885B7162c58519Ac9d256D43d234a05
140,619294c5-15be-4cc5-8a35-3582b7bbeec8,d85bdf8e-bdfc-47cf-b6c6-6b55f7a96d93,grant,Platform,Team Compensation,operations december Salary,2000,DAI,0x674eBFC3eb6C0Bc548d470CBa948d2929be472D7,https://etherscan.io/tx/0xf39b7e94fb153edca60044a255c1634053b771738235b1be7deaf07160807be2
141,619294c5-15be-4cc5-8a35-3582b7bbeec8,d85bdf8e-bdfc-47cf-b6c6-6b55f7a96d93,grant,Platform,Other,developer security issues,630,DAI,0x1Ed134cBE4F8A50980F5c097Bb5a4AA00Dba2299,https://etherscan.io/tx/0x7ce7579c7672848a7c2c3f47ef971233c813e9278abed4a3a84f32c74aad3d68
177,4ca322ac-788b-45d8-a812-47290f8e40fe,ff19c0eb-27fb-4119-b5f5-2e4a2fc4fbb8,grant,Social Media Content,Team Compensation,salary,1,DAI,0x5F39898b429050836C271c7d9e4EEf9bb24c8eB8,
179,6c6c1197-b421-42b5-b8aa-8086f8a3b51f,531a102b-e4b8-4ed3-8ccc-9aa30bfb7992,grant,Social Media Content,Team Compensation,Monthly Salary to Write-Design-Distribute,2502,MANA,0x531aA0845cF473A55BB5bc8cda5E04Ea5B27C726,https://etherscan.io/tx/0x30251674f4ce5167faf60c1f71b758c9aa14d2b2f4c0051495d9dcfcc5ace437
180,1b122e7b-8dc8-4cbd-bcc4-dbc189587c45,fe85ab06-618d-4181-960d-fc32d5f0a7e1,grant,Platform,Tools & Services,servers databases and tools,5600,DAI,0xe64581F067Cfdce58657E3c0F58175e638C30f2B,https://etherscan.io/tx/0x8c88df863718790ded06146b0620d497725232e37ec32721bcddd2662c16e2fe
181,1b122e7b-8dc8-4cbd-bcc4-dbc189587c45,fe85ab06-618d-4181-960d-fc32d5f0a7e1,grant,Platform,Team Compensation,UI dev | back-end dev | devOps,5300,DAI,0xe64581F067Cfdce58657E3c0F58175e638C30f2B,https://etherscan.io/tx/0x8c88df863718790ded06146b0620d497725232e37ec32721bcddd2662c16e2fe
182,1b122e7b-8dc8-4cbd-bcc4-dbc189587c45,fe85ab06-618d-4181-960d-fc32d5f0a7e1,grant,Platform,Other,previous infrastructure dec/jan (~$12500) payback,1600,DAI,0xe64581F067Cfdce58657E3c0F58175e638C30f2B,https://etherscan.io/tx/0x8c88df863718790ded06146b0620d497725232e37ec32721bcddd2662c16e2fe
183,1bfa0bf9-9394-47e3-8a71-3d436233f8a7,1b8eef75-add3-49d6-9181-3061daaf22ec,grant,In-World Content,Team Compensation,"Development, Design & Management will be send after vesting",23100,DAI,0xed0E0cb94F60F72ec94beF848f5dF4Cbd365aF1D,
184,1bfa0bf9-9394-47e3-8a71-3d436233f8a7,1b8eef75-add3-49d6-9181-3061daaf22ec,grant,In-World Content,Tools & Services,Wearable submission fee will be send after vesting,400,DAI,0xed0E0cb94F60F72ec94beF848f5dF4Cbd365aF1D,
185,1bfa0bf9-9394-47e3-8a71-3d436233f8a7,1b8eef75-add3-49d6-9181-3061daaf22ec,grant,In-World Content,Other,Leaderboard event will be send after vesting,500,DAI,0xed0E0cb94F60F72ec94beF848f5dF4Cbd365aF1D,
186,1bfa0bf9-9394-47e3-8a71-3d436233f8a7,1b8eef75-add3-49d6-9181-3061daaf22ec,grant,In-World Content,Other,Collaboration,1000,DAI,0xed0E0cb94F60F72ec94beF848f5dF4Cbd365aF1D,
187,ac9032e4-a144-48da-8801-3259a4281d90,7c7a1610-7a33-4e42-9b14-4cd328669c38,grant,In-World Content,Team Compensation,Modeling & Developing & Social medai & Community management,1,DAI,0x0000000000000000000000000000000000000000,https://etherscan.io/tx
188,ac9032e4-a144-48da-8801-3259a4281d90,7c7a1610-7a33-4e42-9b14-4cd328669c38,grant,In-World Content,Marketing,Rewards for users,1,DAI,0x0000000000000000000000000000000000000000,https://etherscan.io/tx
189,ac9032e4-a144-48da-8801-3259a4281d90,7c7a1610-7a33-4e42-9b14-4cd328669c38,grant,In-World Content,Tools & Services,Discord PlayFab Heroku Vercel fee,1,DAI,0x0000000000000000000000000000000000000000,https://etherscan.io/tx
190,ac9032e4-a144-48da-8801-3259a4281d90,7c7a1610-7a33-4e42-9b14-4cd328669c38,grant,In-World Content,Other,Miscellaneous Expenses,1,DAI,0x0000000000000000000000000000000000000000,https://etherscan.io/tx
191,835542e9-f9c0-4c3d-ae66-6bc35a3e007b,6dfe5a60-6222-11ee-921b-3b664a734355,grant,In-World Content,Team Compensation,Voxel Architects Operations & Strategy,1019,DAI,0x42B15B64B6D1638eD91A86CAC30a36313b6C8C5d,https://etherscan.io/tx/0xbd38570a180800d129f6a26a655178af46b0317996ddfb4461d854feb73505ef
192,835542e9-f9c0-4c3d-ae66-6bc35a3e007b,6dfe5a60-6222-11ee-921b-3b664a734355,grant,In-World Content,Team Compensation,Voxel Architects Project Manager,2717,DAI,0x42B15B64B6D1638eD91A86CAC30a36313b6C8C5d,https://etherscan.io/tx/0xbd38570a180800d129f6a26a655178af46b0317996ddfb4461d854feb73505ef
193,835542e9-f9c0-4c3d-ae66-6bc35a3e007b,6dfe5a60-6222-11ee-921b-3b664a734355,grant,In-World Content,Team Compensation,Voxel Architects Designer,2445,DAI,0x42B15B64B6D1638eD91A86CAC30a36313b6C8C5d,https://etherscan.io/tx/0xbd38570a180800d129f6a26a655178af46b0317996ddfb4461d854feb73505ef
194,835542e9-f9c0-4c3d-ae66-6bc35a3e007b,6dfe5a60-6222-11ee-921b-3b664a734355,grant,In-World Content,Team Compensation,Voxel Architects Modeller 1,1350,DAI,0x42B15B64B6D1638eD91A86CAC30a36313b6C8C5d,https://etherscan.io/tx/0xbd38570a180800d129f6a26a655178af46b0317996ddfb4461d854feb73505ef
195,835542e9-f9c0-4c3d-ae66-6bc35a3e007b,6dfe5a60-6222-11ee-921b-3b664a734355,grant,In-World Content,Team Compensation,Voxel Architects Modeller 2,1629,DAI,0x42B15B64B6D1638eD91A86CAC30a36313b6C8C5d,https://etherscan.io/tx/0xbd38570a180800d129f6a26a655178af46b0317996ddfb4461d854feb73505ef
196,835542e9-f9c0-4c3d-ae66-6bc35a3e007b,6dfe5a60-6222-11ee-921b-3b664a734355,grant,In-World Content,Team Compensation,Voxel Architects Modeller 3,840,DAI,0x42B15B64B6D1638eD91A86CAC30a36313b6C8C5d,https://etherscan.io/tx/0xbd38570a180800d129f6a26a655178af46b0317996ddfb4461d854feb73505ef
197,835542e9-f9c0-4c3d-ae66-6bc35a3e007b,6dfe5a60-6222-11ee-921b-3b664a734355,grant,In-World Content,Team Compensation,Vegas City Developer 1,3000,DAI,0xa1614c4decbfa292d35021c03da1eb4dedc06384,https://etherscan.io/tx/0x65f4a15a540c3d599d147d661c57813f50b21dbf8433060786827dcf60db400c
198,835542e9-f9c0-4c3d-ae66-6bc35a3e007b,6dfe5a60-6222-11ee-921b-3b664a734355,grant,In-World Content,Team Compensation,Vegas City Developer 2,3000,DAI,0xa1614c4decbfa292d35021c03da1eb4dedc06384,https://etherscan.io/tx/0x65f4a15a540c3d599d147d661c57813f50b21dbf8433060786827dcf60db400c
199,835542e9-f9c0-4c3d-ae66-6bc35a3e007b,6dfe5a60-6222-11ee-921b-3b664a734355,grant,In-World Content,Team Compensation,Vegas City Architect/Lead,1000,DAI,0xa1614c4decbfa292d35021c03da1eb4dedc06384,https://etherscan.io/tx/0x65f4a15a540c3d599d147d661c57813f50b21dbf8433060786827dcf60db400c
200,835542e9-f9c0-4c3d-ae66-6bc35a3e007b,6dfe5a60-6222-11ee-921b-3b664a734355,grant,In-World Content,Team Compensation,Vegas City Test,500,DAI,0xa1614c4decbfa292d35021c03da1eb4dedc06384,https://etherscan.io/tx/0x65f4a15a540c3d599d147d661c57813f50b21dbf8433060786827dcf60db400c
201,835542e9-f9c0-4c3d-ae66-6bc35a3e007b,6dfe5a60-6222-11ee-921b-3b664a734355,grant,In-World Content,Team Compensation,Vegas City Project Manager,2000,DAI,0xa1614c4decbfa292d35021c03da1eb4dedc06384,https://etherscan.io/tx/0x65f4a15a540c3d599d147d661c57813f50b21dbf8433060786827dcf60db400c
202,835542e9-f9c0-4c3d-ae66-6bc35a3e007b,6dfe5a60-6222-11ee-921b-3b664a734355,grant,In-World Content,Team Compensation,Vegas City Operations,500,DAI,0xa1614c4decbfa292d35021c03da1eb4dedc06384,https://etherscan.io/tx/0x65f4a15a540c3d599d147d661c57813f50b21dbf8433060786827dcf60db400c
203,441318d1-fad7-407c-a81b-a3b88941f327,5a5c472b-0ed2-4086-b7fc-22e37b4ad39c,grant,Core Unit,Team Compensation,Fehz Compensation - (January),5400,DAI,0x2438651577Ac49342074a18eb199BB8C6E92cFEa,https://etherscan.io/tx/0x161369609fcf60ae13f18ff528f0d68682c5333f6290643ebeb6acb96d1b88d1
204,441318d1-fad7-407c-a81b-a3b88941f327,5a5c472b-0ed2-4086-b7fc-22e37b4ad39c,grant,Core Unit,Team Compensation,Fractilians - Compensation (January),5500,DAI,0x8b7c37671f37Db95e9d84714f7A4464d552aa0EA,https://etherscan.io/tx/0x161369609fcf60ae13f18ff528f0d68682c5333f6290643ebeb6acb96d1b88d1
205,441318d1-fad7-407c-a81b-a3b88941f327,5a5c472b-0ed2-4086-b7fc-22e37b4ad39c,grant,Core Unit,Team Compensation,Ivey - Compensation (January),800,DAI,0x5c575fc796056b6427733077aca4a5c7d10ca6d0,https://etherscan.io/tx/0x161369609fcf60ae13f18ff528f0d68682c5333f6290643ebeb6acb96d1b88d1
206,441318d1-fad7-407c-a81b-a3b88941f327,5a5c472b-0ed2-4086-b7fc-22e37b4ad39c,grant,Core Unit,Team Compensation,MetaRyuk - Compensation (January),800,DAI,0x1bc1ab328dbfef58b9600184541aa0056c4631f7,https://etherscan.io/tx/0x161369609fcf60ae13f18ff528f0d68682c5333f6290643ebeb6acb96d1b88d1
207,441318d1-fad7-407c-a81b-a3b88941f327,5a5c472b-0ed2-4086-b7fc-22e37b4ad39c,grant,Core Unit,Tools & Services,Subscriptions: Envato (USD213) & OpusClips (USD150) a year,363,DAI,0x8b7c37671f37Db95e9d84714f7A4464d552aa0EA,https://etherscan.io/tx/0x161369609fcf60ae13f18ff528f0d68682c5333f6290643ebeb6acb96d1b88d1
208,d6a4dbc7-b505-44d8-9857-6a5e13b9cd2b,cb04d870-5ff6-11ee-af3f-d9f6b00b3bf3,grant,Platform,Team Compensation,Team Compensantion (January),13125,DAI,0x85bc980eb632434c562414791146cc86cea12c51,https://etherscan.io/tx/0x0aab99252e6ca89a05c9cdfb05eff29f40123c5fb8454e50ae6b376d6559f3ef
209,d6a4dbc7-b505-44d8-9857-6a5e13b9cd2b,cb04d870-5ff6-11ee-af3f-d9f6b00b3bf3,grant,Platform,Team Compensation,Team Compensantion (January),10500,DAI,0x6db12e73904eb12f9c40b7d995b2a870254b3625,https://etherscan.io/tx/0x0aab99252e6ca89a05c9cdfb05eff29f40123c5fb8454e50ae6b376d6559f3ef
210,d6a4dbc7-b505-44d8-9857-6a5e13b9cd2b,cb04d870-5ff6-11ee-af3f-d9f6b00b3bf3,grant,Platform,Team Compensation,Team Compensantion (January),10500,DAI,0xbcae59ff0aa916b6c38adde712c39da3eb5443c4,https://etherscan.io/tx/0x0aab99252e6ca89a05c9cdfb05eff29f40123c5fb8454e50ae6b376d6559f3ef
211,d6a4dbc7-b505-44d8-9857-6a5e13b9cd2b,cb04d870-5ff6-11ee-af3f-d9f6b00b3bf3,grant,Platform,Team Compensation,Team Compensantion (January),1200,DAI,0xae185e420a7b0e82963f6edb80078d0ce9d40b40,https://etherscan.io/tx/0x0aab99252e6ca89a05c9cdfb05eff29f40123c5fb8454e50ae6b376d6559f3ef
212,d6a4dbc7-b505-44d8-9857-6a5e13b9cd2b,cb04d870-5ff6-11ee-af3f-d9f6b00b3bf3,grant,Platform,Team Compensation,Team Savings (January),1041,DAI,0xae185e420a7b0e82963f6edb80078d0ce9d40b40,https://etherscan.io/tx/0x0aab99252e6ca89a05c9cdfb05eff29f40123c5fb8454e50ae6b376d6559f3ef
213,91e82c77-87ef-4f30-88aa-eb9a15f10d9f,3d4be4a7-a007-4fa0-8f97-71e2385684a0,grant,Sponsorship,Other,DAO > Foundation for travel expenditures,10000,DAI,0xc8A3496559bCa9e1a8883dBEaC2E2B9E5D83a0F4,https://etherscan.io/tx/0xd3341f4788e606be78902f26745ee6eedff23b2171430dcf934609c596e02699
214,91e82c77-87ef-4f30-88aa-eb9a15f10d9f,3d4be4a7-a007-4fa0-8f97-71e2385684a0,grant,Sponsorship,Other,DAO > Foundation for travel expenditures,10000,DAI,0xc8A3496559bCa9e1a8883dBEaC2E2B9E5D83a0F4,https://etherscan.io/tx/0x647785685f1862daaa15b789094f4d8f61bc3f7a3357ec10ea82bb9166d8ddbe
215,3ffb3ba7-7a50-4c69-bdad-f104bc338f1d,dcc5133c-2e22-4c63-b8eb-f50a758c6ae2,grant,Core Unit,Team Compensation,Dev,4508,DAI,0xb579d0804ab2a996615c8ad797158a33e08f7d57,https://etherscan.io/tx/0xd642d8e702cf92dd81614befc06886a2b8e228ed33ae6a6206a910bfeda48b25
216,3ffb3ba7-7a50-4c69-bdad-f104bc338f1d,dcc5133c-2e22-4c63-b8eb-f50a758c6ae2,grant,Core Unit,Team Compensation,Dev,4338,DAI,0x2aa64a76b0a9f96351a5cda740105c4197970fa1,https://etherscan.io/tx/0xd642d8e702cf92dd81614befc06886a2b8e228ed33ae6a6206a910bfeda48b25
217,3ffb3ba7-7a50-4c69-bdad-f104bc338f1d,dcc5133c-2e22-4c63-b8eb-f50a758c6ae2,grant,Core Unit,Team Compensation,Dev,3229,DAI,0xc492e358543f34437d946a18b60b6d0b78a42a16,https://etherscan.io/tx/0xd642d8e702cf92dd81614befc06886a2b8e228ed33ae6a6206a910bfeda48b25
218,3ffb3ba7-7a50-4c69-bdad-f104bc338f1d,dcc5133c-2e22-4c63-b8eb-f50a758c6ae2,grant,Core Unit,Team Compensation,Product Lead,6458,DAI,0x01b31645748938b07200795ebf7cc2435b5bd8ba,https://etherscan.io/tx/0xd642d8e702cf92dd81614befc06886a2b8e228ed33ae6a6206a910bfeda48b25
219,99013b14-6204-11ee-921b-3b664a734355,fe96cc60-182b-11ee-93a7-ed9294f83f74,grant,In-World Content,Team Compensation,Monthly Salary and for Payment to Guests,3000,DAI,0x082f2A8ea1D8E3ee24c20d12452B7E851ad0D5DD,https://etherscan.io/tx/0x88080af6f8f56ef7ee6cb70d252f7a07084c7bde391fbd3c0fa1ebdcee84f454
220,99013b14-6204-11ee-921b-3b664a734355,fe96cc60-182b-11ee-93a7-ed9294f83f74,grant,In-World Content,Team Compensation,Monthly Salary and for Payment to Guests,2000,DAI,0x082f2A8ea1D8E3ee24c20d12452B7E851ad0D5DD,https://etherscan.io/tx/0x99ce0dc74466289a72b8357990728edd78583920cc7ff5810e250442cb216bbd
225,38e33af4-9813-4236-b1e8-e0421fe78943,aebc4db6-d96c-4c4c-b2c0-2a2d0003e64d,grant,Platform,Team Compensation,Full Stack Dev Monthly,2000,DAI,0xD58607F5323e4966a8c871E155Cee9489CF8c469,
226,38e33af4-9813-4236-b1e8-e0421fe78943,aebc4db6-d96c-4c4c-b2c0-2a2d0003e64d,grant,Platform,Tools & Services,Website Hosting,26,DAI,0xD58607F5323e4966a8c871E155Cee9489CF8c469,
227,70205e11-8bc4-4517-89fb-bf1ef9ef1c13,127d49ed-e592-49f6-8cdc-c626a03175a2,grant,In-World Content,Team Compensation,Funds Released,1,DAI,0x0000000000000000000000000000000000000000,https://etherscan.io/address/0x0000000000000000000000000000000000000000
228,a8d85a55-4c06-11ee-a2e0-b78adf7d068d,ca7784f0-3988-11ee-aec9-fb54fc0c7896,grant,Platform,Team Compensation,Month 5 Compensation,28333,DAI,0x0c7B60932fEBD5b760F4f590F11044036cDF61dE,https://etherscan.io/tx/0xb13205b254872eec528ea0e7f6eca043e2cd139f5795f1ba090d23be1d1e4135
229,cb4a8a2b-82bb-41a4-9a6b-734173429275,847303a0-b8a8-11ed-95dc-afd12ca00986,grant,In-World Content,Team Compensation,Front End Dev Salary,1499,DAI,0x436b7F53Ed49ff8795df189F66BE0d93AC5e58Ec,https://etherscan.io/tx/0x138f7830057bf64983dfb270c0e70b3cb1bddb44ad5c186b7f8ec5cd81cc6288
230,cb4a8a2b-82bb-41a4-9a6b-734173429275,847303a0-b8a8-11ed-95dc-afd12ca00986,grant,In-World Content,Tools & Services,Website Hosting,300,DAI,0x6B175474E89094C44Da98b954EedeAC495271d0F,https://etherscan.io/tx/0x5ff7adb6c86a9fd0ce8e88274432fa7790a44285eb142725fb736db77d045519
231,cb4a8a2b-82bb-41a4-9a6b-734173429275,847303a0-b8a8-11ed-95dc-afd12ca00986,grant,In-World Content,Marketing,Blogs EDU,800,DAI,0x6B175474E89094C44Da98b954EedeAC495271d0F,https://etherscan.io/tx/0x8e0ea739930356e4f4f3dd2afca165eb50b3872b0b029851f44efa7f891d02a4
232,cb4a8a2b-82bb-41a4-9a6b-734173429275,847303a0-b8a8-11ed-95dc-afd12ca00986,grant,In-World Content,Other,Course EDU,800,DAI,0x6B175474E89094C44Da98b954EedeAC495271d0F,https://etherscan.io/tx/0xefe972c1a6610a5d34899a28234920bd8d396ca590b4aaeebb8fe26c0ae6edb2
233,cb4a8a2b-82bb-41a4-9a6b-734173429275,847303a0-b8a8-11ed-95dc-afd12ca00986,grant,In-World Content,Other,Entertainment,400,DAI,0x6B175474E89094C44Da98b954EedeAC495271d0F,https://etherscan.io/tx/0x2b63f194ecd4b2aab6db3de724bfc03d6975364a41bc5424638cd1d5ac6e9c8e
234,afe65392-5c84-11ee-abd9-01bdc8ef3aac,1740a740-4db0-11ee-beb5-696f9c967b67,grant,Documentation,Team Compensation,Personal Expense,3935,DAI,0x8D62189E991597b1aE712b68E6ef87C9F46f9BbB,https://etherscan.io/tx/0x532cdb45c7fd69b7d43ad6175fa8ccaef5d8e259d5781c489c3ac355b6240c51
235,afe65392-5c84-11ee-abd9-01bdc8ef3aac,1740a740-4db0-11ee-beb5-696f9c967b67,grant,Documentation,Tools & Services,Adobe CS,65,DAI,0x8D62189E991597b1aE712b68E6ef87C9F46f9BbB,https://etherscan.io/tx/0x532cdb45c7fd69b7d43ad6175fa8ccaef5d8e259d5781c489c3ac355b6240c51
236,457906e6-cecf-4c7b-a2a2-2f871dad9a45,42a603d2-9b6c-4d80-afb3-b2d029ffd367,grant,Platform,Team Compensation,Development,6000,DAI,0x018dA664aa797ceE35df571317325a299F8c8ECf,https://etherscan.io/tx/0xa34359fa56fa60c7659143ee296ea9b9be642060889b0a54a7a9a7875fdb192c
237,457906e6-cecf-4c7b-a2a2-2f871dad9a45,42a603d2-9b6c-4d80-afb3-b2d029ffd367,grant,Platform,Team Compensation,Development,2000,DAI,0x018dA664aa797ceE35df571317325a299F8c8ECf,https://etherscan.io/tx/0x992d1cda651e96629cc3c980b039c5f6c07653b6fe874b2a2918d8fcebedace2
251,62231688-f6af-42fe-ae52-fa5676e3e4d5,5b63274e-1bfb-42cb-b381-396f04a3bb9f,grant,Platform,Other,null,1,DAI,0x895Be97bDb9F8a244c472B18EA96DeE39ddf8fe5,https://www.etherscan.com
261,0a9317e4-4689-11ee-9cfb-8be6460f98c9,55a85fd0-3539-11ee-a39d-ef9ca9e669fd,grant,Sponsorship,Team Compensation,Ambassador's Comp,1226,DAI,0x1D11f567D0b4486Ae3857284c2603FF0Faf8aD5E,https://etherscan.io/tx/0x8800611fb979e70212326552aab35578ecf6b1b1e55fe940088b2e463a75264d
263,160d2b17-89e0-45b7-90a8-a055ffb1ff4a,15bae901-913b-45c2-a404-5e67749b7219,grant,In-World Content,Team Compensation,front-end-dev-monthly,3500,DAI,0x5A1d993fF6E67aA214880C87B46255Ea32E24139,https://etherscan.io/tx/0x20ddb25a59cd51ae1f538f04aa960708f315859795891ba97eb157310979871f
240,0dfd65a2-bc9c-4913-8d6c-ce20567320b6,b136bb90-648b-11ee-a1c9-233702efe10a,grant,In-World Content,Contractors,JAN - MA GAK PA DJ for DIGITAL Party,200,DAI,0xcde8fba9e91bc26aea2cfa3d8311ca2f5c194eb0,https://polygonscan.com/tx/0xe9211b5d4ff11461c2c16a2da3d6918a6f99ddfcf8ae7563ace31fe109fc2f48
241,0dfd65a2-bc9c-4913-8d6c-ce20567320b6,b136bb90-648b-11ee-a1c9-233702efe10a,grant,In-World Content,Contractors,JAN - Manmara DJ for DIGITAL Party,200,DAI,0x936cce593e132249c2c01ba6f784adb1711f2391,https://polygonscan.com/tx/0xe9211b5d4ff11461c2c16a2da3d6918a6f99ddfcf8ae7563ace31fe109fc2f48
242,0dfd65a2-bc9c-4913-8d6c-ce20567320b6,b136bb90-648b-11ee-a1c9-233702efe10a,grant,In-World Content,Marketing,JAN - MARKETING,150,DAI,0x1771e483fc81a4a35fb659f18e75a55e8af0cde8,https://polygonscan.com/tx/0xb3da0c7ec4ad5651fcb8a817b32d88c3af8a8574c3ca64f5911930357699330b
243,0dfd65a2-bc9c-4913-8d6c-ce20567320b6,b136bb90-648b-11ee-a1c9-233702efe10a,grant,In-World Content,Marketing,JAN - MARKETING,50,DAI,0xddf4da877d64c694ac69175feedb19a2591f7d7f,https://polygonscan.com/tx/0xb3da0c7ec4ad5651fcb8a817b32d88c3af8a8574c3ca64f5911930357699330b
244,0dfd65a2-bc9c-4913-8d6c-ce20567320b6,b136bb90-648b-11ee-a1c9-233702efe10a,grant,In-World Content,Contractors,FEB - RK DJ for DIGITAL Party,200,DAI,0xa7411300ad046d87e4a9569969988917790137eb,https://polygonscan.com/tx/0x93fee014c5bd88bdcd2897315d48deb66f1172f162fb2258207a5a48001c55f7
245,0dfd65a2-bc9c-4913-8d6c-ce20567320b6,b136bb90-648b-11ee-a1c9-233702efe10a,grant,In-World Content,Contractors,FEB - ME.N.U // DR. PHI DJ for DIGITAL Party,200,DAI,0xffffaab1e971dd0c2eee7aa9b5ef4582577b1f7f,https://polygonscan.com/tx/0x93fee014c5bd88bdcd2897315d48deb66f1172f162fb2258207a5a48001c55f7
246,0dfd65a2-bc9c-4913-8d6c-ce20567320b6,b136bb90-648b-11ee-a1c9-233702efe10a,grant,In-World Content,Contractors,FEB - KVMBL DJ for DIGITAL Party,200,DAI,0x24ccd8f73a5e2638decd0db2a3d974e5f7456259,https://polygonscan.com/tx/0x93fee014c5bd88bdcd2897315d48deb66f1172f162fb2258207a5a48001c55f7
247,0dfd65a2-bc9c-4913-8d6c-ce20567320b6,b136bb90-648b-11ee-a1c9-233702efe10a,grant,In-World Content,Contractors,FEB - ME.N.U // DR. PHI DJ for DIGITAL Party,200,DAI,0xffffaab1e971dd0c2eee7aa9b5ef4582577b1f7f,https://polygonscan.com/tx/0x93fee014c5bd88bdcd2897315d48deb66f1172f162fb2258207a5a48001c55f7
248,0dfd65a2-bc9c-4913-8d6c-ce20567320b6,b136bb90-648b-11ee-a1c9-233702efe10a,grant,In-World Content,Contractors,FEB - ZOORAB DJ for DIGITAL Party,200,DAI,0xc3d6b3189cb174304fab74565a59bbe51412d20c,https://polygonscan.com/tx/0x93fee014c5bd88bdcd2897315d48deb66f1172f162fb2258207a5a48001c55f7
249,0dfd65a2-bc9c-4913-8d6c-ce20567320b6,b136bb90-648b-11ee-a1c9-233702efe10a,grant,In-World Content,Contractors,FEB - Norbess Brilliant DJ for IRL Party,200,DAI,0x3c1f5fa98726e4fd0cf5dbe088bb38c89e55e45d,https://polygonscan.com/tx/0x93fee014c5bd88bdcd2897315d48deb66f1172f162fb2258207a5a48001c55f7
250,b3f52d6d-3883-4cbc-9f69-2bab18d0c93d,9afaef11-3ae8-4296-8a3c-5b5910cbe9e0,bid,,Team Compensation,DAPPCRAFT TEAM SALARY FUND,21876,DAI,0x6A40a1A6965E9E401cE3CC04c524B33EaA5e54c7,https://etherscan.io/tx/0x4f64624d5547a78e5ee938f738dfce59000b4e7674ead9613816e6aa64b447dc
252,323c72a8-42d6-4ecd-8e21-357b3088e1d6,e2f4a6f2-2e2b-45d7-9743-71d50225af06,grant,Core Unit,Team Compensation,Grants Manager - Fifi - feb23,3500,DAI,0x4b1c7461715c3489a596cd8d0974bb1d13b397fe,https://etherscan.io/tx/0xe030d6607a2a08c56ea2024325388d9254c20e83d0759040d40638c4cf349d60
253,323c72a8-42d6-4ecd-8e21-357b3088e1d6,e2f4a6f2-2e2b-45d7-9743-71d50225af06,grant,Core Unit,Team Compensation,Grants Accountability Manager - Zino - feb23,4000,DAI,0xa88e62b427ae1029c685808092818001f73649bf,https://etherscan.io/tx/0xe030d6607a2a08c56ea2024325388d9254c20e83d0759040d40638c4cf349d60
254,323c72a8-42d6-4ecd-8e21-357b3088e1d6,e2f4a6f2-2e2b-45d7-9743-71d50225af06,grant,Core Unit,Team Compensation,Grants Managers Coordinator - Palewin - feb23,3000,DAI,0x6ff836e2a208826e3955af3f6ccbee5bb87a3f75,https://etherscan.io/tx/0xe030d6607a2a08c56ea2024325388d9254c20e83d0759040d40638c4cf349d60
255,323c72a8-42d6-4ecd-8e21-357b3088e1d6,e2f4a6f2-2e2b-45d7-9743-71d50225af06,grant,Core Unit,Team Compensation,Grants Program Advisor - Yararasita - feb23,1800,DAI,0xe68ddd093f2a71125f1f5411e09eb9f55fc4b256,https://etherscan.io/tx/0xe030d6607a2a08c56ea2024325388d9254c20e83d0759040d40638c4cf349d60
256,323c72a8-42d6-4ecd-8e21-357b3088e1d6,e2f4a6f2-2e2b-45d7-9743-71d50225af06,grant,Core Unit,Other,returned shipping,94,DAI,0x6fF836E2a208826E3955AF3f6cCbEe5BB87A3F75,https://etherscan.io/tx/0x856a5289db871b6a6126c1c2f83de5c310375755b5514d2bcdcd5bdd74ff4f6c
257,323c72a8-42d6-4ecd-8e21-357b3088e1d6,e2f4a6f2-2e2b-45d7-9743-71d50225af06,grant,Core Unit,Other,Transaction fees refund,107,DAI,0x6fF836E2a208826E3955AF3f6cCbEe5BB87A3F75,https://etherscan.io/tx/0x856a5289db871b6a6126c1c2f83de5c310375755b5514d2bcdcd5bdd74ff4f6c
258,323c72a8-42d6-4ecd-8e21-357b3088e1d6,e2f4a6f2-2e2b-45d7-9743-71d50225af06,grant,Core Unit,Tools & Services,Noty.ai,250,DAI,0xa88E62B427Ae1029C685808092818001f73649Bf,https://etherscan.io/tx/0x856a5289db871b6a6126c1c2f83de5c310375755b5514d2bcdcd5bdd74ff4f6c
259,323c72a8-42d6-4ecd-8e21-357b3088e1d6,e2f4a6f2-2e2b-45d7-9743-71d50225af06,grant,Core Unit,Tools & Services,Grammarly (anual),140,DAI,0xa88E62B427Ae1029C685808092818001f73649Bf,https://etherscan.io/tx/0x856a5289db871b6a6126c1c2f83de5c310375755b5514d2bcdcd5bdd74ff4f6c
260,323c72a8-42d6-4ecd-8e21-357b3088e1d6,e2f4a6f2-2e2b-45d7-9743-71d50225af06,grant,Core Unit,Other,Transaction fees refund,190,DAI,0xa88E62B427Ae1029C685808092818001f73649Bf,https://etherscan.io/tx/0xb6060b39c5019640d4340bfe265f4a2000210fbdad16368d9919968d1ead4450
265,54ac5501-e3d6-11ed-ae6b-bdc7e2b26a35,04f1cd70-d8d6-11ed-bfff-7567e61aeee0,grant,Accelerator,Team Compensation,devs salaries,12500,DAI,0x9243F897377775413b55DcB3D9237Cb20618a3bC,
239,0f3f4d70-045e-4288-88b4-8ff24bbc6ff4,d85bdf8e-bdfc-47cf-b6c6-6b55f7a96d93,grant,Platform,Team Compensation,operations january Salary & half of february,3000,DAI,0x674eBFC3eb6C0Bc548d470CBa948d2929be472D7,https://etherscan.io/tx/0xf24149ebbd71d80e9f4c023eaf3f830aa915ad31429ffb3195d0ace9843f72c3
266,c997116c-699d-43a2-979f-b86295589e42,ff19c0eb-27fb-4119-b5f5-2e4a2fc4fbb8,grant,Social Media Content,Team Compensation,Salary,1600,DAI,0x5F39898b429050836C271c7d9e4EEf9bb24c8eB8,https://etherscan.io/tx/0x4be5229de6e638a3c29a3a5ec10e6e371a5d154fdf0aa53729b17f9b8a8e8183
267,61efe781-1cda-478a-a38b-2758389321a3,5a5c472b-0ed2-4086-b7fc-22e37b4ad39c,grant,Core Unit,Team Compensation,Fehz Compensation - (February),5400,DAI,0x2438651577Ac49342074a18eb199BB8C6E92cFEa,https://etherscan.io/tx/0x75cc755f242504c660eb12f9ab49ca567557c841412ca55c866ee21748d54f28
268,61efe781-1cda-478a-a38b-2758389321a3,5a5c472b-0ed2-4086-b7fc-22e37b4ad39c,grant,Core Unit,Team Compensation,Fractilians - Compensation (February),5500,DAI,0x8b7c37671f37Db95e9d84714f7A4464d552aa0EA,https://etherscan.io/tx/0x75cc755f242504c660eb12f9ab49ca567557c841412ca55c866ee21748d54f28
269,61efe781-1cda-478a-a38b-2758389321a3,5a5c472b-0ed2-4086-b7fc-22e37b4ad39c,grant,Core Unit,Team Compensation,Ivey - Compensation (February),800,DAI,0x5c575fc796056b6427733077aca4a5c7d10ca6d0,https://etherscan.io/tx/0x75cc755f242504c660eb12f9ab49ca567557c841412ca55c866ee21748d54f28
270,61efe781-1cda-478a-a38b-2758389321a3,5a5c472b-0ed2-4086-b7fc-22e37b4ad39c,grant,Core Unit,Team Compensation,MetaRyuk - Compensation (February),800,DAI,0x1bc1ab328dbfef58b9600184541aa0056c4631f7,https://etherscan.io/tx/0x75cc755f242504c660eb12f9ab49ca567557c841412ca55c866ee21748d54f28
271,a545a8e1-9f37-4536-8cd7-fd4acc018708,cb04d870-5ff6-11ee-af3f-d9f6b00b3bf3,grant,Platform,Team Compensation,Team Compensantion (January),12500,DAI,0x85bc980eb632434c562414791146cc86cea12c51,https://etherscan.io/tx/0xc39ec91767932a8db23105412dac5d271153cae431a58e609135dfe146710fec
272,a545a8e1-9f37-4536-8cd7-fd4acc018708,cb04d870-5ff6-11ee-af3f-d9f6b00b3bf3,grant,Platform,Team Compensation,Team Compensantion (January),10500,DAI,0x6db12e73904eb12f9c40b7d995b2a870254b3625,https://etherscan.io/tx/0xc39ec91767932a8db23105412dac5d271153cae431a58e609135dfe146710fec
273,a545a8e1-9f37-4536-8cd7-fd4acc018708,cb04d870-5ff6-11ee-af3f-d9f6b00b3bf3,grant,Platform,Team Compensation,Team Compensantion (January),10500,DAI,0xbcae59ff0aa916b6c38adde712c39da3eb5443c4,https://etherscan.io/tx/0xc39ec91767932a8db23105412dac5d271153cae431a58e609135dfe146710fec
274,a545a8e1-9f37-4536-8cd7-fd4acc018708,cb04d870-5ff6-11ee-af3f-d9f6b00b3bf3,grant,Platform,Team Compensation,Team Compensantion (January),1200,DAI,0xae185e420a7b0e82963f6edb80078d0ce9d40b40,https://etherscan.io/tx/0xc39ec91767932a8db23105412dac5d271153cae431a58e609135dfe146710fec
275,a545a8e1-9f37-4536-8cd7-fd4acc018708,cb04d870-5ff6-11ee-af3f-d9f6b00b3bf3,grant,Platform,Team Compensation,Team Savings (January),1666,DAI,0xae185e420a7b0e82963f6edb80078d0ce9d40b40,https://etherscan.io/tx/0xc39ec91767932a8db23105412dac5d271153cae431a58e609135dfe146710fec
276,f82ed0df-a72f-425a-8502-11c3cc5751a8,127d49ed-e592-49f6-8cdc-c626a03175a2,grant,In-World Content,Team Compensation,Front End Development,3600,DAI,0x17e6025240846fa9e20e87d140d2b9ae7ff6f28e,https://etherscan.io/tx/0x4679f0c72e8e5d2fcfb815faf317fbfc828610e54570d29296423a7dad66105c
277,f82ed0df-a72f-425a-8502-11c3cc5751a8,127d49ed-e592-49f6-8cdc-c626a03175a2,grant,In-World Content,Team Compensation,Back End Development,3750,DAI,0x17e6025240846fa9e20e87d140d2b9ae7ff6f28e,https://etherscan.io/tx/0x4679f0c72e8e5d2fcfb815faf317fbfc828610e54570d29296423a7dad66105c
278,f82ed0df-a72f-425a-8502-11c3cc5751a8,127d49ed-e592-49f6-8cdc-c626a03175a2,grant,In-World Content,Team Compensation,Artist Labor,2500,DAI,0x17e6025240846fa9e20e87d140d2b9ae7ff6f28e,https://etherscan.io/tx/0x4679f0c72e8e5d2fcfb815faf317fbfc828610e54570d29296423a7dad66105c
279,f82ed0df-a72f-425a-8502-11c3cc5751a8,127d49ed-e592-49f6-8cdc-c626a03175a2,grant,In-World Content,Team Compensation,Valentines Event,2000,DAI,0x17e6025240846fa9e20e87d140d2b9ae7ff6f28e,https://etherscan.io/tx/0x4679f0c72e8e5d2fcfb815faf317fbfc828610e54570d29296423a7dad66105c
280,f82ed0df-a72f-425a-8502-11c3cc5751a8,127d49ed-e592-49f6-8cdc-c626a03175a2,grant,In-World Content,Team Compensation,Dev Ops,800,DAI,0x17e6025240846fa9e20e87d140d2b9ae7ff6f28e,https://etherscan.io/tx/0x4679f0c72e8e5d2fcfb815faf317fbfc828610e54570d29296423a7dad66105c
281,f82ed0df-a72f-425a-8502-11c3cc5751a8,127d49ed-e592-49f6-8cdc-c626a03175a2,grant,In-World Content,Tools & Services,AWS Bill,500,DAI,0x17e6025240846fa9e20e87d140d2b9ae7ff6f28e,https://etherscan.io/tx/0x4679f0c72e8e5d2fcfb815faf317fbfc828610e54570d29296423a7dad66105c
282,f82ed0df-a72f-425a-8502-11c3cc5751a8,127d49ed-e592-49f6-8cdc-c626a03175a2,grant,In-World Content,Other,Operations,1000,DAI,0x17e6025240846fa9e20e87d140d2b9ae7ff6f28e,https://etherscan.io/tx/0x4679f0c72e8e5d2fcfb815faf317fbfc828610e54570d29296423a7dad66105c
283,5ec07fa6-05a5-4fc4-a323-2151fae884ce,aebc4db6-d96c-4c4c-b2c0-2a2d0003e64d,grant,Platform,Team Compensation,Full Stack Dev Monthly,2000,DAI,0xD58607F5323e4966a8c871E155Cee9489CF8c469,
284,5ec07fa6-05a5-4fc4-a323-2151fae884ce,aebc4db6-d96c-4c4c-b2c0-2a2d0003e64d,grant,Platform,Tools & Services,Website Hosting,26,DAI,0xD58607F5323e4966a8c871E155Cee9489CF8c469,
285,8b21e7ad-4c10-410e-b518-e5a62d68a09c,d266f630-0e4b-4640-9e3b-4f5d9142e1ae,grant,In-World Content,Team Compensation,Product development,10000,USDT,0x878ff4195043eca717d822E0fE005C45f8663558,https://etherscan.io/tx/0x3525267bc19aaff3e8b7c8eb452a8de075a85ba06cf7243541905181a5e89e14
286,8b21e7ad-4c10-410e-b518-e5a62d68a09c,d266f630-0e4b-4640-9e3b-4f5d9142e1ae,grant,In-World Content,Team Compensation,2D and 3D design and production,4000,USDT,0x878ff4195043eca717d822E0fE005C45f8663558,https://etherscan.io/tx/0x3525267bc19aaff3e8b7c8eb452a8de075a85ba06cf7243541905181a5e89e14
287,8b21e7ad-4c10-410e-b518-e5a62d68a09c,d266f630-0e4b-4640-9e3b-4f5d9142e1ae,grant,In-World Content,Marketing,Promotion and marketing on social media and gaming communities as well as prizes,2000,USDT,0x878ff4195043eca717d822E0fE005C45f8663558,https://etherscan.io/tx/0x3525267bc19aaff3e8b7c8eb452a8de075a85ba06cf7243541905181a5e89e14
288,8b21e7ad-4c10-410e-b518-e5a62d68a09c,d266f630-0e4b-4640-9e3b-4f5d9142e1ae,grant,In-World Content,Tools & Services,Game application hosting,400,USDT,0x878ff4195043eca717d822E0fE005C45f8663558,https://etherscan.io/tx/0x3525267bc19aaff3e8b7c8eb452a8de075a85ba06cf7243541905181a5e89e14
289,6e9caa27-1358-424e-9cf2-343d2780c0f4,7c7a1610-7a33-4e42-9b14-4cd328669c38,grant,In-World Content,Team Compensation,Team Compensation (Month 1),1687.5,DAI,0xc3f3C08b339f3080E0814406efD9E7cafCAF7a98,https://polygonscan.com/tx/0x82a6166c79429bcefbee8e2d991c6faacb90147bb425756dde110782919b9797
290,6e9caa27-1358-424e-9cf2-343d2780c0f4,7c7a1610-7a33-4e42-9b14-4cd328669c38,grant,In-World Content,Team Compensation,Team Compensation (Month 1)+Tools and subscriptions,2000,DAI,0xc590175E458b83680867AFD273527Ff58f74c02b,https://polygonscan.com/tx/0x1755af2aee6fb1df3f5d9db4d998ce141819fac9550f79d94b07d4ebdeac3a8f
291,6e9caa27-1358-424e-9cf2-343d2780c0f4,7c7a1610-7a33-4e42-9b14-4cd328669c38,grant,In-World Content,Team Compensation,Team Compensation (Month 1),1000,DAI,0xF387DFd6882ec71d21CaA23Bd323094dfc5E1Cb6,https://polygonscan.com/tx/0xfb003546506ea07d0c66c16176b2eacb0aaeba252c9a1dbac72c8a1f93c9cf46
292,6e9caa27-1358-424e-9cf2-343d2780c0f4,7c7a1610-7a33-4e42-9b14-4cd328669c38,grant,In-World Content,Team Compensation,Team Compensation (Month 1),450,DAI,0xAEC1A14971Ef9fb8Dd0c41bFA52B8416D21dCD05,https://polygonscan.com/tx/0x2e051c10f68c0d14020ac4a4d10d0ba79955f2a087ba44cea3b5bb7db1bfb8bc
293,6e9caa27-1358-424e-9cf2-343d2780c0f4,7c7a1610-7a33-4e42-9b14-4cd328669c38,grant,In-World Content,Team Compensation,Team Compensation (Month 1),100,DAI,0xF04611955be5595902D5DE1bF3d643fB03cc2888,https://polygonscan.com/tx/0x957314efff2dcf660ddb3c3d2cecc39bdd24f8405f80efe5a1557866d05f65d2
294,6e9caa27-1358-424e-9cf2-343d2780c0f4,7c7a1610-7a33-4e42-9b14-4cd328669c38,grant,In-World Content,Marketing,Monthly Event Rewards（Release the start of next month）and Others,998.5,DAI,0x9B3ae2dD9EAAD174cF5700420D4861A5a73a2d2A,https://polygonscan.com/tx/0x3bf55fe53bfd997b4b5f04c994eecdb9389f331b09dc94f20aaf54ae1f33c6a8
295,6e9caa27-1358-424e-9cf2-343d2780c0f4,7c7a1610-7a33-4e42-9b14-4cd328669c38,grant,In-World Content,Marketing,Event Rewards,80,DAI,0x3AaC3e529c210e996958C461dBbF33AE0CFD0312,https://polygonscan.com/tx/0xf1fdf163292acd07f28c98869acf9a0e9b13fe4c73695fd7527266282dcc9fa9
296,6e9caa27-1358-424e-9cf2-343d2780c0f4,7c7a1610-7a33-4e42-9b14-4cd328669c38,grant,In-World Content,Marketing,Event Rewards,30,DAI,0x8Bcb61A63B7EE2FbF320f141CB6F0E8CF82cD957,https://polygonscan.com/tx/0xe08532931a535790fb098b113fd4b984002f00dc9a9770df179f8cfcbaa6ce01
297,6e9caa27-1358-424e-9cf2-343d2780c0f4,7c7a1610-7a33-4e42-9b14-4cd328669c38,grant,In-World Content,Marketing,Event Rewards,30,DAI,0x2874a907B866EdD30C7f74eca09DF69185F87c20,https://polygonscan.com/tx/0xf6b468ec93a2b2130ed1ae695e5e97d95e45d298a48572799bc783b0d5e68c84
298,6e9caa27-1358-424e-9cf2-343d2780c0f4,7c7a1610-7a33-4e42-9b14-4cd328669c38,grant,In-World Content,Marketing,Event Rewards,30,DAI,0xcfBb134e83aaB817453359a9210079306FE51347,https://polygonscan.com/tx/0x8dfa6579ff4a9729d711e394d0cd9f4b283f5fec26cbcd0d9fd102835d754c42
299,6e9caa27-1358-424e-9cf2-343d2780c0f4,7c7a1610-7a33-4e42-9b14-4cd328669c38,grant,In-World Content,Marketing,Event Rewards,30,DAI,0xd2cb190B90274D697f5F42bAd7E3F47844D411Af,https://polygonscan.com/tx/0x7e399b89c9dd0374cf6f73e21388f1dad15a8ec7b95b3ba50080ad648e1a4405
300,6e9caa27-1358-424e-9cf2-343d2780c0f4,7c7a1610-7a33-4e42-9b14-4cd328669c38,grant,In-World Content,Marketing,Event Rewards,30,DAI,0x950445dEe1D70e9DB6Ba3f781f3708f46d0E566d,https://polygonscan.com/tx/0x676461dd1ae70de30de93f4e77827cd353e9882a045c5dff6a6321f1ca78814e
71,2061df9b-cd84-4ca2-9c6c-d57fc98e96c6,e7399950-35f7-11ee-be2d-676a2489bc16,grant,Platform,Other,Product delivery,12000,DAI,0x42a8aB1CaE6f4A2DF5EcbAE904C37b0603c267b1,https://etherscan.io/address/0x42a8aB1CaE6f4A2DF5EcbAE904C37b0603c267b1
72,56c1afd0-fbc1-4523-9a05-e0cf587be8b9,f3874400-1743-11ee-93a7-ed9294f83f74,grant,In-World Content,Team Compensation,Design and production of 2D and 3D game assets,1900,USD,0xd91dB432D98D80e9467206cab3B9C46081795f0d,https://etherscan.io/tx/0xcb3a67cc3894a2e01499ea0e72d453c557bd85dd2f42de75b44efc46b67138d4
73,56c1afd0-fbc1-4523-9a05-e0cf587be8b9,f3874400-1743-11ee-93a7-ed9294f83f74,grant,In-World Content,Team Compensation,Programming game update and maintanence,3365,USD,0xd91dB432D98D80e9467206cab3B9C46081795f0d,https://etherscan.io/tx/0xcb3a67cc3894a2e01499ea0e72d453c557bd85dd2f42de75b44efc46b67138d4
74,56c1afd0-fbc1-4523-9a05-e0cf587be8b9,f3874400-1743-11ee-93a7-ed9294f83f74,grant,In-World Content,Team Compensation,Execution and administration,2250,USD,0xd91dB432D98D80e9467206cab3B9C46081795f0d,https://etherscan.io/tx/0xcb3a67cc3894a2e01499ea0e72d453c557bd85dd2f42de75b44efc46b67138d4
75,56c1afd0-fbc1-4523-9a05-e0cf587be8b9,f3874400-1743-11ee-93a7-ed9294f83f74,grant,In-World Content,Tools & Services,Website Hosting,784,USD,0xd91dB432D98D80e9467206cab3B9C46081795f0d,https://etherscan.io/tx/0xcb3a67cc3894a2e01499ea0e72d453c557bd85dd2f42de75b44efc46b67138d4
80,5a0d0774-923a-42de-ba26-7c97eedf4f95,40d39160-6063-11ee-af3f-d9f6b00b3bf3,grant,In-World Content,Tools & Services,october payment of 241.31 USD to AWS,241.31,USD,0x12B0D322949273e5D622fFB0Cb387A3b75C0d2dd,https://etherscan.io/tx/0x5d4cc33d77acda44dbd642fbc1aad92f28079f20473f3809474c80ce508636d1
81,5a0d0774-923a-42de-ba26-7c97eedf4f95,40d39160-6063-11ee-af3f-d9f6b00b3bf3,grant,In-World Content,Tools & Services,november payment of 230.83 USD to AWS,230.83,USD,0x12B0D322949273e5D622fFB0Cb387A3b75C0d2dd,https://etherscan.io/tx/0x5d4cc33d77acda44dbd642fbc1aad92f28079f20473f3809474c80ce508636d1
82,5a0d0774-923a-42de-ba26-7c97eedf4f95,40d39160-6063-11ee-af3f-d9f6b00b3bf3,grant,In-World Content,Tools & Services,december payment of 239.26 to AWS,239.26,USD,0x12B0D322949273e5D622fFB0Cb387A3b75C0d2dd,https://etherscan.io/tx/0x5d4cc33d77acda44dbd642fbc1aad92f28079f20473f3809474c80ce508636d1
103,a20f0fd9-144a-4ad7-91d3-1da77d109e34,8a26c5c0-b95c-11ed-95dc-afd12ca00986,grant,In-World Content,Other,5000 Retroactive 400 monthly server cost 3525 TRU build updates 300 monthly Restream Airtable AWS server costs Pinata Team salary,10000,DAI,0x142FD01F8433361E068D26d112769806a118D095,https://etherscan.io/tx/0x6a504654abc0289e87eea888067f2ced3d1ef87b86b6fdd8bf5b47d4d50eb8b6
167,e0075650-5247-4404-927b-8db33dea6e2c,639b31c0-c8e3-11ed-a454-057e86adfb11,grant,In-World Content,Team Compensation,SDK Dev,13500,DAI,0x2e09A10eaAcE1Ef3a66FbF6F1F782C8c0cb8c942,https://etherscan.io/tx/0x0b8bd2243058d0ea07b5ddd1d80d1d30015e2d2ae69ae1cbd18e81d4fd2b776c
168,e0075650-5247-4404-927b-8db33dea6e2c,639b31c0-c8e3-11ed-a454-057e86adfb11,grant,In-World Content,Team Compensation,3D Artist 1,6500,DAI,0x2e09A10eaAcE1Ef3a66FbF6F1F782C8c0cb8c942,https://etherscan.io/tx/0x73eacb2a5bbf60eaa17fdb4a83e2d98daa0a21488a5eb937facd575063ae3733
169,e0075650-5247-4404-927b-8db33dea6e2c,639b31c0-c8e3-11ed-a454-057e86adfb11,grant,In-World Content,Team Compensation,3D Artist 2,3500,DAI,0x2e09A10eaAcE1Ef3a66FbF6F1F782C8c0cb8c942,https://etherscan.io/tx/0xb7e6f2666a4a9b33e44ebe847a6851872321bcdbc601a1c21d89128df893aa03
170,e0075650-5247-4404-927b-8db33dea6e2c,639b31c0-c8e3-11ed-a454-057e86adfb11,grant,In-World Content,Team Compensation,Game Designer,7500,DAI,0x2e09A10eaAcE1Ef3a66FbF6F1F782C8c0cb8c942,https://etherscan.io/tx/0xdd39e9c57fe41f779c341194677e2f6dd2d749c605a318fee832480f20346d10
171,e0075650-5247-4404-927b-8db33dea6e2c,639b31c0-c8e3-11ed-a454-057e86adfb11,grant,In-World Content,Team Compensation,2D Artist,4000,DAI,0x2e09A10eaAcE1Ef3a66FbF6F1F782C8c0cb8c942,https://etherscan.io/tx/0x71a7b6341beb10260069f8556d3dff4974113b17b528062534802838021c63a8
172,e0075650-5247-4404-927b-8db33dea6e2c,639b31c0-c8e3-11ed-a454-057e86adfb11,grant,In-World Content,Team Compensation,Game Master,3500,DAI,0x2e09A10eaAcE1Ef3a66FbF6F1F782C8c0cb8c942,https://etherscan.io/tx/0x36bdbe6d03c640d24d0e9fff43d027e8d66431d59c74b34a0fa36053c53e5962
173,e0075650-5247-4404-927b-8db33dea6e2c,639b31c0-c8e3-11ed-a454-057e86adfb11,grant,In-World Content,Team Compensation,Sound Designer,2500,DAI,0x2e09A10eaAcE1Ef3a66FbF6F1F782C8c0cb8c942,https://etherscan.io/tx/0xa3a88d559a89bd2fb4fe3143b34505a1a653f719bd3b6b463a8bd25126ffddff
174,e0075650-5247-4404-927b-8db33dea6e2c,639b31c0-c8e3-11ed-a454-057e86adfb11,grant,In-World Content,Tools & Services,Land Rental For 6 Months,251,MANA,0x895Be97bDb9F8a244c472B18EA96DeE39ddf8fe5,https://etherscan.io/tx/0x5fc760c375577fa456061c24913f8f692b3696476cb0852f06a9a9ec0c698e74
176,180696e6-27a1-4eb9-ada4-e3084c7da5a5,8a26c5c0-b95c-11ed-95dc-afd12ca00986,grant,In-World Content,Other,5000 retroactive 400 monthly server cost 300 monthly Restream Airtable AWS server costs and Pinata 4300 team compensation,10000,DAI,0x142FD01F8433361E068D26d112769806a118D095,https://etherscan.io/tx/0xbe274269ae020e061066ced8e633d3c835e8ff5d2715e8d2746fca403315df8c
238,a3a498a1-2f6a-4d80-9b11-1dc6b6eb8e5d,8a26c5c0-b95c-11ed-95dc-afd12ca00986,grant,In-World Content,Other,5000 retroactive 400 monthly server cost 300 wearable design fees 300 monthly Restream Airtable AWS server costs and Pinata remaining team salary,10000,DAI,0x142FD01F8433361E068D26d112769806a118D095,https://etherscan.io/tx/0xef98cb9bd627e22895b725d551ea007f092fd1df203649af3f5fbaff74b91cec
