Proposal ID,Snapshot ID,Author,Title,Status,Started,Ended,Threshold,Total VP,Category,Tier,Amount USD,Beneficiary,Vesting Contract,Token,Released Amount,Releasable Amount
20fa0450-9067-11ec-831d-95af4f79cd2a,QmWJR275aiPtXkhVP2DChH5bSBhLQULPqFX6uXUKFxP6oU,0xb5e34509cf4004ecb51392398d7c18b1d8a0db3f,To keep the content supply fresh in Filmrare-Cinematheque by acquisition,active,2022-02-18T03:01:00.093Z,2022-02-25T03:01:00.091Z,1000000,0,Content Creator,Tier 2,3000,0xb5E34509cf4004ecB51392398D7C18B1D8a0DB3f,,,,
b8219300-900f-11ec-9794-c9ea21a9ed8f,QmQdRiGeUpFT33uTx5DKaNnXmisJdEmAT2PZLH2SwYifkd,0x97cb89ccb1511ee8beef1dff74bfb8e39139b5fa,Genesis city top-down map website and mapping script,active,2022-02-17T16:36:00.976Z,2022-02-24T16:36:00.974Z,1000000,0,Platform Contributor,Tier 3,5000,0x97cB89Ccb1511Ee8BEeF1DfF74bFB8E39139B5FA,,,,
b70900e0-8f7c-11ec-9794-c9ea21a9ed8f,QmVn3pZcipFD45k5NuirQ6LHCbJFwCay7PGBG1LM7Q7jkC,0xf978e3e83c6e6fb12120ea5213fe59f1848eace4,Engaging videos to help new members,active,2022-02-16T23:03:00.118Z,2022-02-23T23:03:00.116Z,1000000,0,Community,Tier 2,3000,0xC451C359149207F0b288B833B363d39533982d04,,,,
61b1fce0-8f46-11ec-9794-c9ea21a9ed8f,QmdnnjV127mZTB1yk83U5X2sdFnVwX86RKc9KCS1WPaPMh,0x8fb5dceecea6b8137c64a4b751bfc93ab6c2836c,Create models on demand,active,2022-02-16T16:34:00.118Z,2022-03-02T16:34:00.116Z,2000000,0,Content Creator,Tier 4,50000,0x8fb5dCeEcEa6B8137c64A4b751bfc93Ab6C2836c,,,,
5c5d12f0-8dea-11ec-9794-c9ea21a9ed8f,QmdxCQCREhEV6yQvLnqjsp3tVcMfXX4ZqUrdwQBvt8GVVT,0x8ac69421a24690d62d7eda58e0daaa21a249d98f,WeMeta Builder Tag,active,2022-02-14T23:03:00.311Z,2022-02-28T23:03:00.309Z,8000000,0,Platform Contributor,Tier 6,240000,0x8AC69421a24690D62d7eda58E0daAA21a249D98f,,,,
d7202560-8de8-11ec-9794-c9ea21a9ed8f,QmW9WmjsFhDVSky5k8JXzqtLsP1LKdrt3TBq1XwmoVE7Qv,0x63948f87aef43558369aaf9e526201824052985f,Runixcoin Mining LAND,active,2022-02-14T22:52:00.278Z,2022-02-28T22:52:00.277Z,8000000,0,Platform Contributor,Tier 6,250000,0x63948f87aef43558369aaf9e526201824052985f,,,,
5701b9c0-8d25-11ec-b2d8-691324a163a7,QmcgjEPWozQZ8JySJ1pdJpnyenUWyF6trWUUdNqvcZ7BGN,0xc24789c6f165329290ddd3fbeac3b6842a294003,Community Module: Parkour Creation Kit,active,2022-02-13T23:33:00.468Z,2022-02-20T23:33:00.466Z,1000000,0,Community,Tier 2,3000,0xC24789C6f165329290Ddd3fBEac3b6842a294003,,,,
07a64e10-8c29-11ec-b2d8-691324a163a7,QmcnH366wZZC7wZUs81xitFPLqdaCRB7Z2Gi9r8oki6KPe,0x4910108e835f8b876a40690d87b328a2802077ec,Clinically Validated Mental Health Resources in DCL,active,2022-02-12T17:27:00.153Z,2022-02-26T17:27:00.153Z,8000000,0,Community,Tier 6,240000,0x4910108E835F8B876a40690d87b328A2802077EC,,,,
eeb84ba0-8c15-11ec-b2d8-691324a163a7,QmQvUscdDNdbuHbmH6Tr8k5LrgpxufcZM9AGB9HBjhUqj4,0xfad24dd7573986d827bda9c0171d37e19f6a9f94,ETHAnglia - Gaming and the Metaverse,active,2022-02-12T15:10:00.890Z,2022-02-19T15:10:00.889Z,1000000,0,Community,Tier 3,5000,0x3D53800346707B7F0c7bA3b2cA0dA1b9e951dCd5,,,,
4c1eb3b0-8bfd-11ec-b2d8-691324a163a7,QmYfRrHdvxvbVHCfAcMrXXrjmMVG815GFUe2N1NyDdTP4i,0x547849942c3ea64151986b77fe2a34b8cd569d6f,customer accusistion,active,2022-02-12T12:14:00.171Z,2022-02-19T12:14:00.170Z,1000000,0,Gaming,Tier 2,3000,0x547849942c3Ea64151986b77Fe2A34B8cD569D6F,,,,
853a7ed0-8a9b-11ec-b2d8-691324a163a7,Qmeh9DRRh33MHnmuhFArqnXjXH8pH6e5Yzwm2c5w1GfDdi,0xcd2dbadaacdb9c03cbdbcea894f059701d642c24,"Super cool high tech digital senior citizen will help with anything in ""D-land""",active,2022-02-10T18:01:00.141Z,2022-02-24T18:01:00.137Z,8000000,0,Community,Tier 6,240000,0xcD2DBaDaaCDB9c03cBDbceA894F059701d642C24,,,,
903c4130-8936-11ec-bd91-0316d7e70123,Qmd57abhvcRihGCh5jjrT3gZM99sZmZi9F5HgnY2uZ9Aw1,0xad015f00d380da858c76d736ff0f266608db0d98,Creating content to help users navigate Decentraland,passed,2022-02-08T23:26:00.275Z,2022-02-15T23:26:00.270Z,1000000,1057731,Content Creator,Tier 2,3000,0xaD015f00D380da858c76D736Ff0F266608dB0D98,,,,
c3311110-8904-11ec-bd91-0316d7e70123,Qmf7ZhmMP6PSeHdS8Fd1HjbW2d4r6vtPchnY1uNNgHVCt7,0x5985eb4a8e0e1f7bca9cc0d7ae81c2943fb205bd,I stream. I want money for coffee to stream longer.,rejected,2022-02-08T17:30:00.930Z,2022-02-15T17:30:00.928Z,1000000,1621928,Content Creator,Tier 1,1260,0x5985EB4a8e0e1f7BCa9Cc0D7AE81C2943fb205bd,,,,
fe9124a0-8857-11ec-bd91-0316d7e70123,QmWd4gpktWMUL8WCL3akMza7YBLyMjoqFHWqaa9o114Vnj,0x4cb45d74b891db3ae1ceadda55491a58aea6371c,The Statue of Love (The statue of Mikasa Ackerman),rejected,2022-02-07T20:53:00.610Z,2022-02-14T20:53:00.609Z,1000000,41473,Content Creator,Tier 2,3000,0x4cB45d74b891db3ae1CEADda55491A58aeA6371c,,,,
8d78d820-8849-11ec-bd91-0316d7e70123,QmTETPn2R1ZAtsTvAvigw2fq3CSxoQmYpCbrnDMfNLaJvA,0xcec89fd1738fa6ab7c90fdd2fde18d8eb5de9779,Tattoos for Decentraland Avatars,active,2022-02-07T19:10:00.914Z,2022-02-21T19:10:00.912Z,2000000,0,Platform Contributor,Tier 4,50000,0xCEC89Fd1738fa6AB7C90fDD2Fde18d8eb5dE9779,,,,
489d9d30-8821-11ec-bd91-0316d7e70123,Qmb4BVPqUihj16bCgYBmYqJQBS9AFYFJDu8YtQG9apyMng,0x1fe5f48a279f643e96ce7419c6a3ecb4530d7cab,Help Grow The Community,rejected,2022-02-07T14:21:00.523Z,2022-02-14T14:21:00.522Z,1000000,27458,Platform Contributor,Tier 2,3000,0xF70aD31d5BAB0733E402C8274779C43bF43D7118,,,,
0b1ecad0-877a-11ec-bd91-0316d7e70123,QmYJgznQaiN2KumNHVq2ZcNViXuanXC9meyFbVG6TMHJiC,0x278e76502c83bb82d6f45f5cbc67f1439a5728c0,Educational Area For Special Needs,rejected,2022-02-06T18:24:00.397Z,2022-02-13T18:24:00.395Z,1000000,46111,Content Creator,Tier 2,3000,0x278E76502C83bb82d6f45f5CBc67F1439A5728c0,,,,
e9d93b90-8764-11ec-bd91-0316d7e70123,QmP8q8dnJ7nUVFoce2i25MW1Paj3vuAH4T3ismKmd9FAdK,0xc5cf3073bb48064004fb9456c8745d970937d492,"Chill, travel & Hobbies in the 4 corners of the World",active,2022-02-06T15:53:00.145Z,2022-02-20T15:53:00.143Z,8000000,0,Content Creator,Tier 6,240000,0xC5cf3073bb48064004fb9456c8745D970937D492,,,,
b8dc2270-86e5-11ec-bd91-0316d7e70123,QmUMA8fw4JPohDGTbude41ostZDLGRUeHwg7QUp9RVLshp,0x483c676e1edd6f10dbe33d9911c1481222d8b070,Create a community to watch socially conscious programming (films & series),active,2022-02-06T00:42:00.872Z,2022-02-20T00:42:00.870Z,2000000,0,Community,Tier 4,60000,0x483c676E1edd6f10DbE33D9911c1481222d8b070,,,,
553aad60-862a-11ec-bd91-0316d7e70123,QmW9VKG8Nc5s7yDJccQkTWRaA5LYp9mBQehZsYsfKpuGMJ,0xceb2c851bf17eecaaad21b3abfc5bb1aa74c0c28,Bionic City Oasis,rejected,2022-02-05T02:21:00.830Z,2022-02-19T02:21:00.828Z,4000000,1753863,Gaming,Tier 5,120000,0xceb2c851bf17eecaaad21b3abfc5bb1aa74c0c28,,,,
017e97e0-85f8-11ec-bd91-0316d7e70123,QmUdjB5G4F6PC5NdmDgeero1pZsetJUFMzaKixpt147z2r,0xfefb82731b7be89b84982d58b1617ef31365950b,TO PURCHASE LAND TO CREATE A SPACE SO PEOPLE CAN COME AND SHARE INVESTMENT IDEAS,rejected,2022-02-04T20:21:00.510Z,2022-02-11T20:21:00.508Z,1000000,85420,Community,Tier 2,2500,0xFefB82731B7bE89b84982D58b1617ef31365950B,,,,
37b47740-85ed-11ec-bd91-0316d7e70123,QmQ5iQzgVptnaDAcSZmLmUmdhmdrRrwjbti8FiUhfGWfmh,0x796f2d9d2b894a16be95478b71a136463edc5989,Investment to my families future of online real estate,rejected,2022-02-04T19:04:00.996Z,2022-02-11T19:04:00.991Z,1000000,159461,Community,Tier 1,500,0x874FB552ba338B34cE3Acdd880a8E2aCBe5d38b3,,,,
65647d80-83d5-11ec-bd91-0316d7e70123,QmXG2RVoLvw54Mpxaf34bqmDbuhbavs7K1i21CJMi1Lm2a,0x4b75968043b77e01488ac98da5d99ebb0c2c73fe,Fashion School Graduate Makes Wearables,rejected,2022-02-02T03:08:00.401Z,2022-02-09T03:08:00.396Z,1000000,1283904,Content Creator,Tier 2,3000,0x4B75968043b77e01488ac98DA5d99Ebb0C2c73fe,,,,
9d1819b0-83be-11ec-bd91-0316d7e70123,QmRV6quh4aHBdyixsPVDE6YKkVTjVFEvSFmSZdHRt9teox,0x1de5303914a08a858fc76cec9ad20bbb23bfaae0,want to spread virtual joy by telling dad jokes,rejected,2022-02-02T00:25:00.427Z,2022-02-09T00:25:00.426Z,1000000,618953,Content Creator,Tier 3,5000,0x1de5303914a08a858fc76cec9ad20bbb23bfaae0,,,,
b43fb280-82a9-11ec-9166-a5dd0ddb7cdb,Qme9RqLqr6DJf4Sc2QfWJRJSMjJhpBFCEDDLaZjffoKYw8,0x0783b6095334345933727849d11b657b33a094b0,Decentraland Connect-A-Life (D-CAL),rejected,2022-01-31T15:23:00.680Z,2022-02-14T15:23:00.678Z,8000000,620292,Community,Tier 6,240000,0x0783B6095334345933727849d11b657B33A094b0,,,,
5737f330-8228-11ec-9166-a5dd0ddb7cdb,QmQ9QTjHVQ7magupPo8EfB7tSNoECCufpxZz2JXVXRq6qr,0x852f2403df9bfae4bb76ab0196cd284250344aa0,A virtual fun to play casino,rejected,2022-01-30T23:57:00.523Z,2022-02-13T23:57:00.521Z,2000000,1118814,Gaming,Tier 4,50000,0x852f2403df9bfae4bb76ab0196cd284250344aa0,,,,
c3932840-81f3-11ec-9166-a5dd0ddb7cdb,QmYCkT9dJJ4MZTUAcXuuTJc12Re963odP1NsD7EZjzQGGf,0xa3e6dd2be6fd1ba74fa15fd289fd8f47802ccc7a,Interdimensional,rejected,2022-01-30T17:40:00.988Z,2022-02-06T17:40:00.988Z,1000000,1583646,Community,Tier 1,1500,0xa3E6Dd2bE6FD1ba74fa15fD289fD8f47802ccC7a,,,,
f5925e10-8180-11ec-9166-a5dd0ddb7cdb,QmVYqqwTms1xTiBGJSayxzvtAoiD1PrS3dHF9YtXgzhuur,0xc9ea520f77cecdef90b47a8dadd739bbea4d73cb,Crypto Real Estate Education,rejected,2022-01-30T03:59:00.745Z,2022-02-06T03:59:00.745Z,1000000,526583,Content Creator,Tier 3,5000,0xC9EA520f77CecDEF90B47A8DAdD739bbeA4d73cb,,,,
47d600d0-8165-11ec-9166-a5dd0ddb7cdb,QmPwjG6MuoDi5iWH5rAShA132t4X7U9ZyPbvsmaKudKQXT,0x32c03a3e1f5c7a42d504e1083cae7e56d7060b36,Decentasland and nft conventions meetups and education,rejected,2022-01-30T00:40:00.853Z,2022-02-13T00:40:00.851Z,8000000,1516020,Platform Contributor,Tier 6,239999,0x32c03a3e1f5c7A42D504E1083cAE7E56d7060b36,,,,
436ce8e0-813a-11ec-9166-a5dd0ddb7cdb,QmWeuBZScNTtqAPooeGRQUWYmedtcHe57vNdMyU9Q6trup,0x62b89cebc70086f132d75fb8d8a4e3f7920642a1,"Deaf Community Center to promote American Sign Language, Education, + Diversity",rejected,2022-01-29T19:32:00.094Z,2022-02-05T19:32:00.093Z,1000000,464461,Community,Tier 3,5000,0x62b89CEbc70086F132D75fB8D8A4E3f7920642A1,,,,
07b07c30-8131-11ec-9166-a5dd0ddb7cdb,Qmbece4c9ZYG7qaGBeQASsDhhBZ6wcTiTRU4HCmMCqxYRU,0x0f93fd13d689aecc25f25e3ba9fc2912b4de81bf,PhD - Lifelong Educator  of Special Needs Individuals Seeks Inclusive Education,rejected,2022-01-29T18:26:00.403Z,2022-02-05T18:26:00.403Z,1000000,535660,Community,Tier 2,3000,0x0F93Fd13D689Aecc25F25e3bA9fC2912B4DE81BF,,,,
a47fc6e0-8110-11ec-9166-a5dd0ddb7cdb,QmSkc9kbAngg22tMKzjifGZGJvsXZAawjWLkkShxm5snuL,0x2693fb16cadf29197447b9a3737b6eae49afe60d,Mental health support on decentraland,rejected,2022-01-29T14:35:00.094Z,2022-02-12T14:35:00.090Z,2000000,768413,Community,Tier 4,60000,0x2693Fb16CAdf29197447B9A3737B6EAE49AFe60d,,,,
2cadb150-80fb-11ec-9166-a5dd0ddb7cdb,QmT4VPBJAnT7QzzjQC3bpqU19x9yehuDW54B3V8mAehcgH,0x8dd4a96a332f4a740df824e2901e2f27f2982822,Community education and interaction.,rejected,2022-01-29T12:01:00.637Z,2022-02-12T12:01:00.635Z,8000000,94215,Community,Tier 6,4000,0xbD14af057217C85e87d73A3Dd4bC5594854e5587,,,,
d78edbe0-80e6-11ec-9166-a5dd0ddb7cdb,QmbnUQfo6n8bFSdwbn7sjnUX8gNotQuKy5o4JnDRRBEXmS,0xcad07e8de1f57a8bcd3129a5b95cbe9027825338,Decentraland Ambassador,rejected,2022-01-29T09:35:00.894Z,2022-02-05T09:35:00.894Z,1000000,85031,Gaming,Tier 2,120000,0xCAd07E8De1f57A8BCd3129A5b95Cbe9027825338,,,,
785f2120-80e1-11ec-9166-a5dd0ddb7cdb,QmdrHXC8XCFbnKR57rM7WeKNzypGdPKvV8muhmA5ePNuP7,0x1dfdb2373f5e56aeb6046a4b3509d833b5b9df44,Aspiring Digital/ Animation Artist,rejected,2022-01-29T08:57:00.714Z,2022-02-05T08:57:00.713Z,1000000,85012,Platform Contributor,Tier 2,3000,0x1Dfdb2373f5e56aEb6046A4B3509d833B5B9DF44,,,,
0be3df90-80d7-11ec-9166-a5dd0ddb7cdb,QmQR4ZZDapJ7tqxN9XhHkFESTavxbKemwCwGeFSjhGx64L,0x5e3f5d26488c927a1dc50d13291e9ae895bd3369,Decentral Grave Yard,rejected,2022-01-29T07:42:00.745Z,2022-02-12T07:42:00.745Z,4000000,320427,Platform Contributor,Tier 5,75000,0x5E3F5d26488C927A1Dc50D13291E9AE895BD3369,,,,
3dd05210-80a3-11ec-9166-a5dd0ddb7cdb,QmYXPmjukF47ZWo18JzEm1JFkk1BkZXdbvYMAdXpY5hr7P,0xbe2ff08cbfaadd50ccc4f867895b95830e4e6051,Land Rental in Decentraland,rejected,2022-01-29T01:31:00.673Z,2022-02-12T01:31:00.672Z,8000000,1486943,Platform Contributor,Tier 6,200000,0xbE2ff08CbfAADD50cCC4F867895b95830E4E6051,,,,
0cb35ba0-7e05-11ec-9447-6b730f00647d,QmSvHhioXtZvrt86atNM1Fey52oVqPp8K9xK2py5s5YyLx,0xad3b9da5a39ac752c8340e2a7676f083246ea4d1,Develop a local scene editor to work with the Decentraland SDK,enacted,2022-01-25T17:34:00.466Z,2022-02-01T17:34:00.465Z,1000000,1525496,Community,Tier 3,5000,0x2a9Da28bCbF97A8C008Fd211f5127b860613922D,0x99f16B6421c1CCB8910905326d21FC5e04b741f5,MANA,0,0
1bd751a0-7a49-11ec-8188-4352ce3d30e7,QmWGUz2fF5RQvos9k6GtkCzVYemtcD8hKjWAZ9Q8S9YN63,0x3026e5dca7a3f50a482d5f06fb18ce607386531b,Country Flag Wearables,rejected,2022-01-20T23:31:00.994Z,2022-02-03T23:31:00.992Z,2000000,562004,Community,Tier 4,52200,0x3026e5dca7A3F50a482d5f06Fb18CE607386531b,,,,
0a1f30d0-77f2-11ec-8188-4352ce3d30e7,QmZBy5ZV1HbgnGJ5vC3UDFjZww7XHtQqo3Wwc6wp2c1Snu,0xc3e564f67a2b6bd6361c55718c6268f9ea37969e,African Community for Outreach and event organization,rejected,2022-01-18T00:03:00.725Z,2022-02-01T00:03:00.723Z,2000000,9424,Community,Tier 4,40000,0xC3e564f67A2b6BD6361c55718c6268F9Ea37969E,,,,
a37682b0-7798-11ec-8188-4352ce3d30e7,QmYfhFQqwwyk47fchnAB3zT36Y6ZWNKpQfZSvgBAm3bwmt,0x92e4f1731f2ef18856ed6592fcc0bf55f37c2e1f,Pawnshop and Rental Centre in Decentraland  (resubmission),enacted,2022-01-17T13:23:00.283Z,2022-01-31T13:23:00.283Z,2000000,14939897,Content Creator,Tier 4,30000,0x6A44e6C59e2Fa54962e67a70Dd0A34FdC117Be85,0x07b9fbb0b836f55dd4c19e79b1d673b3c83dcaaa,DAI,0,0
5ab5c440-7730-11ec-8188-4352ce3d30e7,QmREas65521jx3oATiZZW8Z8tyhheojw1axUPCsBjg6Yrb,0x0bd43be5cc0c3c1030a2a964b59a98d96e9e6fb3,I just want my pending in review wearables to be reviewed already.,rejected,2022-01-17T00:56:00.564Z,2022-01-24T00:56:00.562Z,1000000,268656,Content Creator,Tier 1,1,0x0bD43BE5cc0C3c1030a2a964b59a98D96e9E6FB3,,,,
8439fe90-76ee-11ec-8188-4352ce3d30e7,QmNhYY3oSNiZN7fGNFD6Xe94kgYoZRUPFfNNwTttsdoAm5,0x37f00ec67d68c2d3c662339c183d37403c36f28e,(Weekly Decentraland Amazing Race) Every Waifumon Wednesday (12 to 24 hour),rejected,2022-01-16T17:05:00.433Z,2022-01-30T17:05:00.432Z,8000000,893224,Community,Tier 6,240000,0x37F00ec67D68C2D3c662339C183D37403c36f28E,,,,
5ab622d0-7606-11ec-8188-4352ce3d30e7,QmcLFv7mxXV9DFZGPJcAatkdgU3JXF2KZyPdbVjv9XoBWC,0xb5e34509cf4004ecb51392398d7c18b1d8a0db3f,Cinematheque that can host 24x7 film screening & archive film paraphernalia,rejected,2022-01-15T13:23:00.542Z,2022-01-29T13:23:00.533Z,2000000,553522,Content Creator,Tier 4,20000,0xb5E34509cf4004ecB51392398D7C18B1D8a0DB3f,,,,
f7a19110-7471-11ec-8188-4352ce3d30e7,QmQnk6PpTcNCVKUwy14ThbiApKvGRkFGhPcrnXJgy3J748,0x1f34ccb25959b905662075b7bc4eeabe374d5c26,Co-Creating Events & Collaborative Projects Together,rejected,2022-01-13T13:08:00.633Z,2022-01-27T13:08:00.631Z,2000000,295786,Community,Tier 4,16,0x8EAc688bB8B6ec1dB0028f732CEcccDf56398657,,,,
2e6481f0-742a-11ec-8188-4352ce3d30e7,QmabBLp2urma8RjZD4Vz4bbCXtnAZQXUK1eFTsvYcDJAG5,0x3026e5dca7a3f50a482d5f06fb18ce607386531b,Mental Health HQ within Decentraland,rejected,2022-01-13T04:35:00.743Z,2022-01-27T04:35:00.742Z,2000000,314457,Community,Tier 4,25550,0x3026e5dca7A3F50a482d5f06Fb18CE607386531b,,,,
13babf10-7301-11ec-8188-4352ce3d30e7,QmVCL3yWYfep4mC9ievo4yHtkwn3v6Uq3T8QT1EMXFimVk,0x815bd8454f9fad2415a7903c7de310c130f9b117,Bulding the Decentraland Bogdanoff Twins Cemetery,rejected,2022-01-11T17:08:00.481Z,2022-01-25T17:08:00.480Z,2000000,304852,Content Creator,Tier 4,30000,0x815Bd8454F9FAD2415A7903C7De310c130f9b117,,,,
1327cb50-72a8-11ec-8188-4352ce3d30e7,QmXW5B2o5xyXhXm6M6qzBxRpNf3P6E3eEvzorCZwitFL9n,0x1f34ccb25959b905662075b7bc4eeabe374d5c26,Co-Creating Events & Collaborative Projects Together,rejected,2022-01-11T06:31:00.309Z,2022-01-25T06:31:00.304Z,2000000,10840,Community,Tier 4,16000,0x8EAc688bB8B6ec1dB0028f732CEcccDf56398657,,,,
d6f24230-724a-11ec-8188-4352ce3d30e7,QmPJkzb3UPJrZx1LyBDhHAXzjbJuCysaMXaYExyW1X9G5w,0x5c89c0233d8be44e4411ad17020b399d5b13cc9b,Area of interest  marked Map for Awareness for Covid and precautions -Landmark,rejected,2022-01-10T19:23:00.099Z,2022-01-17T19:23:00.097Z,1000000,193452,Content Creator,Tier 3,5000,0x5C89c0233D8bE44E4411aD17020b399D5b13Cc9b,,,,
5ecb5050-71fd-11ec-8188-4352ce3d30e7,QmfDN9NbP1TfsD37FwAXnewWbmBSvgbFmZTiLcVy4LamNP,0x92e4f1731f2ef18856ed6592fcc0bf55f37c2e1f,Pawnshop and Rental Centre in Decentraland,rejected,2022-01-10T10:09:00.269Z,2022-01-17T10:09:00.268Z,1000000,747843,Content Creator,Tier 3,5000,0x6A44e6C59e2Fa54962e67a70Dd0A34FdC117Be85,,,,
a3217810-70f9-11ec-8188-4352ce3d30e7,QmPLR8cnEtdqidRz42CMHbzkY1db6oAdhj6FkWvH2WjBPp,0x431e50350492c04ae4634347967670e3dc5a7278,Play2Earn ETH by TheCryptoMafia.io,rejected,2022-01-09T03:10:00.769Z,2022-01-23T03:10:00.768Z,8000000,201026,Gaming,Tier 6,200000,0x431e50350492c04Ae4634347967670E3DC5a7278,,,,
fe3137d0-7091-11ec-8188-4352ce3d30e7,QmUXRke41n2wJAq2c5knV4Ho84Du12zGiSjVBphSK8WC3R,0x9df74fd9d730a8e6319039e7035ef414c3e89524,Cryptocurrency exchanger and virtual bank in the metaverse,rejected,2022-01-08T14:48:00.885Z,2022-01-22T14:48:00.882Z,8000000,306893,Community,Tier 6,240000,0x9df74fd9d730A8e6319039e7035Ef414c3E89524,,,,
30483580-6ed9-11ec-8188-4352ce3d30e7,QmVznkvJBW4DCGzzN79tssEQHSvQQFCZUHPM92UHywrTf5,0x8238d6d79a2d04999f5872db80812589f6bf689b,Request funds for expanding Decentraland Thailand,rejected,2022-01-06T10:12:00.864Z,2022-01-20T10:12:00.864Z,2000000,591103,Content Creator,Tier 4,15000,0x8238d6d79a2d04999f5872db80812589f6bf689b,,,,
f5250990-6e35-11ec-8188-4352ce3d30e7,QmVo3Kh6eDA9BFtAUi9JoPj1rV8gu7aVpKq52aAU5YSZTr,0x14d0b2d5d2fc47b2de86a5e480cf88b2aaaa0abd,Ledger Academy Hub,rejected,2022-01-05T14:44:00.681Z,2022-01-19T14:44:00.680Z,4000000,16944,Community,Tier 5,120000,0x14d0b2D5d2fC47B2DE86a5e480Cf88b2AaaA0aBd,,,,
427458f0-6cbe-11ec-8188-4352ce3d30e7,QmexhJ1qTCHAPxE7YcHjbaP24xSpUnpXa9YGRxgXLy4mmw,0xb5e34509cf4004ecb51392398d7c18b1d8a0db3f,"Cinematheque that can host Film Screenings, Archive films & have conversations.",rejected,2022-01-03T17:54:00.615Z,2022-01-10T17:54:00.613Z,1000000,224758,Content Creator,Tier 3,5000,0xb5E34509cf4004ecB51392398D7C18B1D8a0DB3f,,,,
79401e40-6c88-11ec-8188-4352ce3d30e7,QmPHjBsc7gUzHsZUuYPptJ1FadPXxBozjJw28AQ1QF9aGi,0xb54ba75097dac77fed2a1a1324e2d602ad2d11e5,Making a fly agaric wearables hat for the market,rejected,2022-01-03T11:29:00.724Z,2022-01-10T11:29:00.724Z,1000000,408567,Content Creator,Tier 1,330,0xb54bA75097DAC77fed2a1a1324e2d602AD2D11e5,,,,
114fefb0-6ba5-11ec-8188-4352ce3d30e7,QmcBaqBvWDk4DLambaJt6FFyaaWo2Vsh7ffujrcqm6dJHv,0xe7c4ec30319c7f8e91296ed3385ad94584fbf750,WEARABLE GRANT PROPOSAL,rejected,2022-01-02T08:22:00.587Z,2022-01-09T08:22:00.587Z,1000000,477164,Content Creator,Tier 2,2000,0xe7c4ec30319c7f8e91296ed3385ad94584fbf750,,,,
64b7c300-6acc-11ec-8188-4352ce3d30e7,QmQLGEkJBmaBYuUsoeD8N5A9TC9rPA7qs5bmK6Z5k4CLsk,0x700e3990defb8a2efa87a7a9165c5dec57f69576,DEAR DCL from CHIBI LABS about PLAY TO EARN INCUBATION,rejected,2022-01-01T06:31:00.728Z,2022-01-15T06:31:00.723Z,4000000,479026,Gaming,Tier 5,80000,0xac0b0cd0268b5a9166de11a94e931e8e0cad1dbb,,,,
373c7890-68d7-11ec-8188-4352ce3d30e7,Qmd7nd9CMsze6nqcoWrqyDbw1xFYJxbreFa5vzCrs8ym4J,0x8ee2f6b685ae0fb220ed79e1c75c9da2ff16ce72,Urban Comedy Club,rejected,2021-12-29T18:43:00.561Z,2022-01-12T18:43:00.560Z,2000000,121912,Platform Contributor,Tier 4,28000,0x8EE2F6B685aE0fB220Ed79E1C75C9Da2Ff16ce72,,,,
92da0ce0-68d1-11ec-8188-4352ce3d30e7,QmRSdVTMDFjZFmFmkVhzJtrkH8B48WXPrbQZSAVXPQ2w3j,0xec54b4bfbe1faca3c2e47a85f2630877d2c24e10,Museum 2.0: Keep activating international artists to DCL + scaling solutions,enacted,2021-12-29T18:03:00.286Z,2022-01-12T18:03:00.284Z,8000000,10014762,Content Creator,Tier 6,240000,0x6240b908f4880Da265c2e55d5CA644B50a4Cb0d4,0x5ec155e5c34513d6a5fca1b09711219630cfcdd6,DAI,0,51241.99074074074
69fd4d60-6777-11ec-8188-4352ce3d30e7,QmaRsnuaAi4Bc63ekyKnJLVS8YyBu39o9RtWw44BnZ5ziA,0x1253594843798ff0fcd7fa221b820c2d3ca58fd5,IRL.LAND - ETHDenver 2022 and Beyond!,enacted,2021-12-28T00:45:00.862Z,2022-01-11T00:45:00.860Z,8000000,10675486,Community,Tier 6,240000,0x1253594843798Ff0fcd7Fa221B820C2d3cA58FD5,0xe248dd3f57dcef23ae0dac68221791e4944adf82,DAI,0,52575.32407407407
d8add830-6702-11ec-8188-4352ce3d30e7,Qmf5WF6QK9mT8QU9GS2bwWehJy52V2aKadnZjSs3hHxfwP,0x88526073b8e50e85e1d42e7c5e7c1644ac61712f,fikir,rejected,2021-12-27T10:50:00.451Z,2022-01-03T10:50:00.444Z,1000000,498127,Community,Tier 1,1,0x88526073B8e50e85e1D42e7c5e7c1644Ac61712f,,,,
f2333090-65c0-11ec-8188-4352ce3d30e7,QmYqz4WVUB2inFtuyWam3hwg1ethe5kFW5hcMvY5h8b8XP,0xdd8e8b66613cb347cf2460f692894554836f76e9,Generate some more wearables to give more free choice to anyone joining DCL,rejected,2021-12-25T20:26:00.321Z,2022-01-01T20:26:00.319Z,1000000,347856,Content Creator,Tier 1,1500,0xDD8E8B66613CB347CF2460f692894554836f76E9,,,,
60983870-6515-11ec-8188-4352ce3d30e7,QmcxctGzs6WsoNp1jKh7Lcui56nfTyGQwAE52qanQhZyYP,0xe0366d205a1645e128552802a5f4189b32c8f4ac,Dedicated video training channel about everything Decentraland,rejected,2021-12-24T23:58:00.095Z,2021-12-31T23:58:00.093Z,1000000,321076,Content Creator,Tier 1,1500,0xE0366d205A1645E128552802A5f4189B32C8f4Ac,,,,
011fb3b0-64f6-11ec-8188-4352ce3d30e7,QmePB7FFBL1nxDRHy2Np4a6YkebqUjeV4VmNCezi68nEAU,0xbcb9d47861251bfa972d09027fe7893066588df1,Extendo cigars for our characters,rejected,2021-12-24T20:13:00.523Z,2021-12-31T20:13:00.523Z,1000000,308727,Community,Tier 1,1500,0xBcB9d47861251BfA972d09027Fe7893066588DF1,,,,
f7097d00-649d-11ec-8188-4352ce3d30e7,QmdpGG55CDJkcq6g4PBQm4jKnWKSkcCcgzefhm5q5fpDet,0x91a0dc180b61c9fadd116a1eb9e52e9785bbe236,Развитие,rejected,2021-12-24T09:43:00.888Z,2021-12-31T09:43:00.879Z,1000000,459139,Platform Contributor,Tier 1,1500,0x91A0dC180b61c9FAdd116A1Eb9e52E9785bBe236,,,,
cc53de20-645c-11ec-8188-4352ce3d30e7,QmfA8LdTEEXLWxKJJrcQhGSzGQLFGSHD19Ge8oPwwTxPHH,0x46d8603959f92b0cff6d453c15c3bbfa945ee890,Freelance FR/EN,rejected,2021-12-24T01:57:00.946Z,2021-12-31T01:57:00.946Z,1000000,371929,Content Creator,Tier 1,1000,0x46D8603959f92b0Cff6D453c15C3BbFA945Ee890,,,,
903b6e60-6409-11ec-8188-4352ce3d30e7,QmV7x6T3NXWfuNVfqHC172ouefGtK2KLU2Q2z4nbBkU6q2,0xfe91c0c482e09600f2d1dbca10fd705bc6de60bc,BeatBlox: Decentraland's Music Platform (resubmission),enacted,2021-12-23T16:01:00.894Z,2022-01-06T16:01:00.893Z,8000000,13328496,Content Creator,Tier 6,240000,0x9405cF5BDe70bB78c0dDF1425AEd6A2f110fC733,0x8a6dec7bcc3af9a1d1b5507ccbfab6ecc434ac0a,USDC,40197.546296,19044.444444
5eb0e350-637f-11ec-8188-4352ce3d30e7,QmTWJHHGidLDrpiXqxHAkPwWngDBTFvjAAniWgqKHm7G3E,0x2d4ba5f549c78c2e34aa8e1a3894c75e3d5f9150,"Dreamers Dream, Builders Build. I am Both! Would Like to Contribute More.",rejected,2021-12-22T23:32:00.229Z,2021-12-29T23:32:00.222Z,1000000,275557,Platform Contributor,Tier 2,2000,0x2d4ba5F549c78c2e34aa8e1A3894c75e3d5F9150,,,,
1ff25ce0-6247-11ec-8188-4352ce3d30e7,QmSrekfmemyoCzPyHaWXP1HfbabnGTakz6e9omnEBcW6GB,0x244d1a181b6fa17b807d5aeca1053c4b26e8fecd,Land Rental in Decentraland,enacted,2021-12-21T10:16:00.982Z,2022-01-04T10:16:00.979Z,2000000,3076113,Platform Contributor,Tier 4,10000,0xc9BEdB2173FD480716Cb140360f2aDa9CfC5451c,0xd82416d91b170888dd1973fdf519a914a0d0561c,DAI,0,2579.5273919753085
93259ec0-5f63-11ec-8188-4352ce3d30e7,QmeTGR7PXpvyqndtvq8reCocZJtPR2ZvJZwJZNzDvfmozk,0xc6e3444435531f07342839262cc2eb98716a319c,Construction of a Nuraghe,rejected,2021-12-17T18:03:00.676Z,2021-12-24T18:03:00.673Z,1000000,459135,Content Creator,Tier 1,1000,0xc6e3444435531F07342839262Cc2eB98716A319c,,,,
6557be60-5f59-11ec-8188-4352ce3d30e7,QmabBJU4rq8qGg3f3Yv3gEPMtnMrucaBFSRZ3MjFkwDX3v,0xfe91c0c482e09600f2d1dbca10fd705bc6de60bc,Expanding and improving WonderZone (resubmission),enacted,2021-12-17T16:50:00.862Z,2021-12-31T16:50:00.860Z,8000000,13324438,Gaming,Tier 6,240000,0xfcacAcE2713D41c02666E2643E5583793196c935,0xe8a1B5F25b3bF789aFAe04f3F11C0e7d0F527973,DAI,49178.904320987655,18063.086419753086
7d204d10-5f3f-11ec-8188-4352ce3d30e7,Qma3e7ECfYNPiyxXHVUdtPiQxVxX3AdatBEntDn58AB9JA,0x46d8603959f92b0cff6d453c15c3bbfa945ee890,Copywriter,rejected,2021-12-17T13:44:00.849Z,2021-12-24T13:44:00.848Z,1000000,59883,Content Creator,Tier 1,1000,0x46D8603959f92b0Cff6D453c15C3BbFA945Ee890,,,,
94c1d190-5ebe-11ec-8188-4352ce3d30e7,QmTSDLJCM9vvvgkUeKQpvPGGfhrXMKwMY73w59CELz7K8k,0x0b5b9917820a3d03851ac6c414449134bd4fd4e1,Theatre for Stage Acting,rejected,2021-12-16T22:21:00.417Z,2021-12-30T22:21:00.413Z,4000000,437911,Community,Tier 5,120000,0x03aa46f774982049b44d59bDbB041CC784Db0Fb4,,,,
ed53e850-5e70-11ec-8188-4352ce3d30e7,QmZWXsMDouvWo59bYSMP95W2MefDxFbTi8D3acachYBkak,0xd11a019a70986bd607cbc1c1f9ae221c78581f49,DAO Governance Squad,enacted,2021-12-16T13:06:00.269Z,2021-12-30T13:06:00.267Z,4000000,11075541,Platform Contributor,Tier 5,120000,0x3bf800b6F5c987b3738432068f789b7d131F1698,0xf05c6a459b378f0bd033f7110288b7c767a74e7e,DAI,24457.847222222223,9829.814814814816
80fe9030-5e64-11ec-8188-4352ce3d30e7,QmZxoQvVJs1cRH3fw9uasG4fynJWNJ85WP3XoEmHq8B7gS,0x0b5b9917820a3d03851ac6c414449134bd4fd4e1,Decentraland Suicide Preventative *Safe Place*,rejected,2021-12-16T11:37:00.555Z,2021-12-23T11:37:00.554Z,1000000,251206,Community,Tier 3,5000,0x0b5B9917820A3D03851AC6c414449134BD4Fd4e1,,,,
088fc210-5e26-11ec-8188-4352ce3d30e7,QmPWH75UVKVuwGGo9pVy3d6Nqk8rfeRnMmP5zgGeMSVauY,0x9a739c2e212754c3d8432cb717dc9437e5b3dfae,Update existing VR and AR experience creator/builder to support Decentraland,enacted,2021-12-16T04:09:00.705Z,2021-12-30T04:09:00.703Z,8000000,9102140,Platform Contributor,Tier 6,220000,0x9A739c2e212754c3d8432CB717dC9437e5b3Dfae,0x0485fe82194e506796e4559944284b9930300809,USDC,61140.888631,1719.825103
bba47620-5da4-11ec-8188-4352ce3d30e7,QmVqnBetgNqxtfTRSX9JAiJX7SPm7dd3V3EckoUD8DaahC,0xab4759c71699ea01a60328c703cd5217c6bd69f4,90s rave wearables collection,rejected,2021-12-15T12:44:00.578Z,2021-12-22T12:44:00.577Z,1000000,521429,Content Creator,Tier 2,2500,0xab4759c71699Ea01a60328c703Cd5217c6bd69f4,,,,
7af34c90-5d1e-11ec-8188-4352ce3d30e7,QmVqgrizzAcoipGAWUM9Mdo1d5QVx9xJ3w37YD2ZvmxcDR,0x87956abc4078a0cc3b89b419928b857b8af826ed,Keep Polygon transactions for free,enacted,2021-12-14T20:43:00.481Z,2021-12-28T20:43:00.479Z,2000000,11136788,Community,Tier 4,45000,0x87956abC4078a0Cc3b89b419928b857B8AF826Ed,,,,
a1aa6a50-5c72-11ec-9c52-0d9746a59174,QmPSxiVjBuhQq1dgjRwGEeTDhTjgzR4nHtL8BTd5W3TuXa,0x9405cf5bde70bb78c0ddf1425aed6a2f110fc733,BeatBlox: Decentraland's Music Platform,rejected,2021-12-14T00:13:00.998Z,2021-12-21T00:13:00.998Z,1000000,7237508,Content Creator,Tier 6,240000,0x9405cF5BDe70bB78c0dDF1425AEd6A2f110fC733,,,,
8f72e450-5c60-11ec-9c52-0d9746a59174,QmYaL3qnhTrbjXei2HWHo3XqdSPUNifEDBWgpA5wqeSJrA,0xc898485289c4f1e8d1bbed5d175f9b6e1224df53,Meta Mall.  Virtual-but-Real Shopping,rejected,2021-12-13T22:03:00.493Z,2021-12-20T22:03:00.493Z,1000000,37308,Content Creator,Tier 6,240000,0xc898485289c4f1E8d1bBEd5d175F9B6e1224df53,,,,
02e009e0-5b49-11ec-9c52-0d9746a59174,QmNwYki4QzpTsY6Tgq5j8GXS2jaiPYD3AMLtVytxAW4k9E,0x3a12a5b2418c2e71abd4d6a7034d93d576b4d6db,First MetaVet clinic,rejected,2021-12-12T12:42:00.063Z,2021-12-19T12:42:00.063Z,1000000,120300,Community,Tier 4,15000,0x3A12a5B2418c2E71abd4D6A7034D93D576B4D6Db,,,,
cd0db440-5ac4-11ec-9c52-0d9746a59174,QmRfzozdvJ7p4fN9uDY36WQWmJ2p8C9uz4xeheB3UptsQf,0xc24789c6f165329290ddd3fbeac3b6842a294003,Community Module Creation: Gallery,enacted,2021-12-11T20:56:00.196Z,2021-12-18T20:56:00.196Z,1000000,4538614,Community,Tier 2,2500,0xC24789C6f165329290Ddd3fBEac3b6842a294003,,,,
1dc31860-5955-11ec-9c52-0d9746a59174,QmRt694rABcrkM2F3f43HEW1cFbEdsAYXh7sSQKfCKfmzz,0x61a1a8d3ab8dd930d71fe028c00be1287108f0ef,Fantasy Music for Fantasy World of Endless Time Spot,enacted,2021-12-10T01:04:00.806Z,2021-12-17T01:04:00.806Z,1000000,4529924,Content Creator,Tier 3,3000,0x61a1a8d3aB8dD930d71FE028c00BE1287108F0Ef,0x9DE8991f006798cDf545Ba47b96aDAAe874fd648,MANA,0,688.0283181100123
825d5a50-5929-11ec-9c52-0d9746a59174,QmTcjYjmxD6bSgWzrgtXTKDq9ebA9fn4tSffnxhUE2MHCQ,0x295302ce6b8f817691bfd3cff0e1b6632fdb54c6,"MetaSlip, a new NFT's for earn underwear !",rejected,2021-12-09T19:52:00.733Z,2021-12-16T19:52:00.733Z,1000000,448674,Content Creator,Tier 2,4000,0x295302cE6b8f817691Bfd3CfF0e1b6632FDB54c6,,,,
90f57aa0-5908-11ec-9c52-0d9746a59174,QmfEL7SCah8uB2x16gdvbTBraCk7X1vYHPCuf2KDkkptWV,0x91e222ed7598efbcfe7190481f2fd14897e168c8,Expanding and improving WonderZone,rejected,2021-12-09T15:56:00.827Z,2021-12-16T15:56:00.827Z,1000000,4460643,Gaming,Tier 6,240000,0xfcacAcE2713D41c02666E2643E5583793196c935,,,,
7632eda0-58a5-11ec-9c52-0d9746a59174,QmSFmNH2BBGaD75Q866zVZ869MpoUGQdCogGUGCAm9wEuA,0xb49edeef4a1ca16ffb4590b2a9f638acc2bba598,Launch MoonRock HQ for Teaching and Guidance on Investments within Decentraland,rejected,2021-12-09T04:07:00.754Z,2021-12-16T04:07:00.754Z,1000000,462499,Community,Tier 4,60000,0x68fFa6CE7aCF16604DDd129AAF34482b088B96ae,,,,
b35390f0-587c-11ec-9c52-0d9746a59174,QmYpPYkRPFAoYWuAzUPitCAJhxALFZKs8ekrKN2nhQys4q,0xd80004c7cf39b39e75a8129221d329b9882e9131,How to connect to Decentraland interactive training,rejected,2021-12-08T23:15:00.943Z,2021-12-15T23:15:00.943Z,1000000,39080,Community,Tier 3,5000,0xd80004C7cF39b39E75a8129221d329B9882E9131,,,,
dcbe65a0-5723-11ec-9c52-0d9746a59174,QmQ8azjAxWoPRbYutxrCKToGEWfz6kJTsT3QiojE6yfNPQ,0x8e9527ef7055ce8b1afc16b713f7051d30940db0,"BuildMeta.io - DC Builder's Procedure, Information Index and Guide",rejected,2021-12-07T06:06:00.058Z,2021-12-14T06:06:00.058Z,1000000,43965,Content Creator,Tier 2,3000,0x8E9527EF7055CE8B1AFC16B713F7051d30940Db0,,,,
d961dc40-54f6-11ec-9c52-0d9746a59174,QmZ14KMzLJ6FRC7WUSK2A1M8sLbr89nUckh7YNMycstEsx,0x474543b99438a978b39d39d8983723eb5ff9196b,SugarClub video server upgrade proposal,enacted,2021-12-04T11:39:00.740Z,2021-12-11T11:39:00.740Z,1000000,2819676,Content Creator,Tier 2,3000,0xf8d8e8dCA72D41abA3E24518194E9eaF03fdDa86,,,,
b15dc250-53c4-11ec-be0c-afec86cba5e5,QmbKUc1s2Q3KFYEUh46XHqSLfrtw74MeDJPZ8jaMVVj1xX,0x915aa85dc088ea2d5850d44f9a21c7bf388a9672,Education Everywhere- Build a learning center,rejected,2021-12-02T23:07:00.605Z,2021-12-09T23:07:00.605Z,1000000,1614235,Community,Tier 6,240000,0x915Aa85DC088ea2d5850d44f9A21c7BF388A9672,,,,
8b7dac40-5152-11ec-be0c-afec86cba5e5,QmV66KKqnv5rmaJPK6uo5Wru3sbx1QTmABdbBMY1ZB9Ze6,0x8238d6d79a2d04999f5872db80812589f6bf689b,Request funds for expanding Decentraland Thailand,rejected,2021-11-29T20:25:00.108Z,2021-12-06T20:25:00.108Z,1000000,564723,Content Creator,Tier 4,40000,0xa92fda02b807649ef90af8e1c4bdfbebc4e4216a,,,,
73c43f90-50fa-11ec-be0c-afec86cba5e5,QmUD36aZStQiVb1BRyQkhZth2Pqw4BWo8EB6HfXPLRr1mc,0x23ebfe7d0e875f0769efce39780ecd098e3f1fea,IKNOWALL NFT-ETC COMMUNITY  BOX,rejected,2021-11-29T09:55:00.593Z,2021-12-06T09:55:00.593Z,1000000,559121,Platform Contributor,Tier 6,235000,0x23ebfE7d0e875F0769efCE39780Ecd098e3F1fea,,,,
b1c4f920-4ea1-11ec-be0c-afec86cba5e5,QmYNwHTe5HApbJtFFmLecJDMHg4P1nUNpUEjjDbQQpnxDr,0x5a78f0a330092bf0c3d6cbd85712019329fc08ab,Unlimited music plus revamped,rejected,2021-11-26T10:14:00.082Z,2021-12-03T10:14:00.082Z,1000000,435730,Content Creator,Tier 4,60000,0x5A78F0A330092bF0c3D6cbd85712019329FC08aB,,,,
3842e400-4ca7-11ec-be0c-afec86cba5e5,QmYwoTia4Fx8EFEBynBZ8yftQH8rwaT4Ch9e9yGy63HQsV,0xdcdc472630a06ac647d17e793c22fd46c9153505,Indie Village: National Independent Venue Association (NIVA),enacted,2021-11-23T21:49:00.880Z,2021-11-30T21:49:00.880Z,1000000,2771646,Community,Tier 6,240000,0xDcDC472630A06AC647D17e793c22FD46C9153505,0x2455aE25363fd9Cd62F007a7EdEDfc5F9b727364,DAI,90630.95679012345,17944.367283950618
cf170850-4b9b-11ec-be0c-afec86cba5e5,QmdsaCcEudjiRw9siBpRxjHcJN3jqvsDPtjGT32xcpmr4x,0x17a6ba0b9cc209ec061ba117769ec7e9a30a0952,DAO Enabling Metaverse’s Creativity,rejected,2021-11-22T13:55:00.805Z,2021-11-29T13:55:00.805Z,1000000,188730,Platform Contributor,Tier 3,5000,0x17A6ba0B9Cc209ec061BA117769Ec7e9a30A0952,,,,
8d878180-4b69-11ec-be0c-afec86cba5e5,QmQrj4oAtRNXSj55mDUgh8x9unTrjWqu2qPqfPKLfM5rv7,0x525ca9edbea7ba10eeb394addb757e15749ed6f1,Guinness World Record - Largest Online Party | Decentraland,rejected,2021-11-22T07:55:00.976Z,2021-11-29T07:55:00.976Z,1000000,479679,Community,Tier 4,25000,0x525Ca9EDbEa7ba10eeB394ADdB757e15749eD6F1,,,,
0b77dd50-4adf-11ec-be0c-afec86cba5e5,QmaC5s6xY5po1cdjPniJbbxzTCPkQ1zMsr754pwv5p1wiB,0x4262f8bb5bd9ad132782d2a7279b532a1dc6bcbf,DCL Bounty Hunter: Combat based P2E Multi-Player game,enacted,2021-11-21T15:23:00.222Z,2021-11-28T15:23:00.222Z,1000000,1275735,Gaming,Tier 2,3000,0x4262f8BB5bd9Ad132782D2a7279b532A1DC6BCbF,,,,
ae86cb20-4add-11ec-be0c-afec86cba5e5,QmWtMXHVCW1zdti7j1YGeLbuw4cYmkyWn8GaaM6iPkn2Pm,0x4748629b341ae21d5009ae425dfa79e9fd852282,*resubmission* - A doctor led health education initiative,rejected,2021-11-21T15:14:00.794Z,2021-11-28T15:14:00.794Z,1000000,107884,Content Creator,Tier 2,3000,0x4748629B341aE21D5009Ae425DFa79e9Fd852282,,,,
7c03a150-4a29-11ec-be0c-afec86cba5e5,QmPvP9JLxMYpLZRqVvekGetgdsMYjuzaNEq56xFq3GcTFB,0x30e923a7aaf8b8bffead5bed05ead42552b69d89,Behavioral Health Group in Decentraland: An Answer to the Problem?,rejected,2021-11-20T17:44:00.637Z,2021-11-27T17:44:00.637Z,1000000,495874,Community,Tier 4,60000,0x30e923A7AAF8b8BFFEAd5beD05ead42552b69D89,,,,
08d8a080-4962-11ec-be0c-afec86cba5e5,QmPTK1D5fBjerSWLTGX9zGqA6PU4MmnCrjETGMYb4qtpdt,0x2b17cad25b19a2a7404f44ae5eba941f41cc862d,Research on Governance Platform’s Community Proposals,rejected,2021-11-19T17:56:00.568Z,2021-11-26T17:56:00.568Z,1000000,66775,Community,Tier 1,1000,0x2B17CAd25B19A2a7404F44AE5EBa941F41cc862D,,,,
5a7f2570-4931-11ec-be0c-afec86cba5e5,QmYJrCsxvn4sSeTw568iKPX9QV2aHUnouYuaRbubrsQVAs,0xd51ea3dad67c86d4edd7403d3288c2217ae1d2b3,Bitsoko Merchants shops on Decentraland,rejected,2021-11-19T12:08:00.216Z,2021-11-26T12:08:00.216Z,1000000,513151,Platform Contributor,Tier 6,240000,0xD51eA3DAD67C86D4Edd7403D3288C2217aE1D2b3,,,,
6030ade0-4896-11ec-be0c-afec86cba5e5,QmdvxRvjtqJi8TirDrqXnc5Rks6x3mMzNt8siB1CG3SNH8,0x6e8f9e7961d30a435114ee5793614be7040f1210,Meditate On Peace - Positive Clothing,rejected,2021-11-18T17:38:00.775Z,2021-11-25T17:38:00.775Z,1000000,553778,Content Creator,Tier 4,33333,0x6e8f9e7961d30a435114ee5793614be7040f1210,,,,
f7459b10-46e2-11ec-be0c-afec86cba5e5,QmVhpsk5GcBWSTDBGptmGhdxHmbjVi9Cs1D2E8rkhaBGri,0xcf10cd8b5dc2323b1eb6de6164647756bad4de4d,"Golfcraft game development (47,-45)",enacted,2021-11-16T13:41:00.673Z,2021-11-23T13:41:00.673Z,1000000,9558527,Gaming,Tier 5,120000,0x60297Cfec1d6941510A4573d6eE994d1b69fa656,0xa30Dc75d9d0b0aD5131593ac8Cc493c2cd017510,DAI,0,58954.3287037037
1cf65440-4656-11ec-be0c-afec86cba5e5,QmXFamnmjBFt2sJddaxdny8Ygk4jaUD2hCX2wmguK59KYu,0x06c5a46025d3dcee9f244172ad17b97339a9f321,Hackathon for 3D designers and developers to build objects and scenes for DCL,enacted,2021-11-15T20:53:00.868Z,2021-11-22T20:53:00.868Z,1000000,3461870,Content Creator,Tier 4,30000,0x961A5398878742192370E4C6590d6d0fFBC047e1,0xeFFf6Ef2F3c9778Ea811a345A3E0f0df2117F1C8,DAI,12096.103395061727,2809.145447530864
7b6692e0-44d7-11ec-be0c-afec86cba5e5,QmNVXwNJUjLb4pRA6Qm7uXARVbifuJW7td5bpvjC92wxTr,0x87956abc4078a0cc3b89b419928b857b8af826ed,Security audit for collections royalties marketplaces,passed,2021-11-13T23:14:00.062Z,2021-11-20T23:14:00.062Z,1000000,10794810,Platform Contributor,Tier 4,30000,0xBCAc4dafB7e215f2F6cb3312aF6D5e4F9d9E7eDA,,,,
41d2cb30-44d1-11ec-be0c-afec86cba5e5,QmS6ZCV97HgiXcqZHVPFXoMAYNAhPMoL6PPudrfBTVDQ8N,0x38ea25e902b276aacdf10d3fe135b6a8bfb30c71,Create an Aquarium for the Metaverse,rejected,2021-11-13T22:30:00.483Z,2021-11-20T22:30:00.483Z,1000000,40266,Platform Contributor,Tier 2,3000,0x38eA25e902b276aaCDf10d3fe135B6a8BFb30C71,,,,
6dcc7ae0-44a6-11ec-be0c-afec86cba5e5,QmdoXkBbR72nvPTQq7LHUNgfCCk7i8hZC6LSdpAYWbnbJT,0x38ea25e902b276aacdf10d3fe135b6a8bfb30c71,3D Wearable NBA Jerseys and Flight Club Sneakers,rejected,2021-11-13T17:23:00.903Z,2021-11-20T17:23:00.903Z,1000000,87002,Content Creator,Tier 3,5000,0x38eA25e902b276aaCDf10d3fe135B6a8BFb30C71,,,,
8acc4590-4478-11ec-be0c-afec86cba5e5,QmT1ZV7n7AqMM74z1w6ut6ovk3KcWBFsxAGxyxkbyo25gX,0x960bbbff5a99317cf2c1370426eafd3c54cf0be1,Live DJ Stages,rejected,2021-11-13T11:55:00.705Z,2021-11-20T11:55:00.705Z,1000000,98902,Gaming,Tier 1,1500,0x960BbbfF5a99317cF2C1370426Eafd3C54cF0Be1,,,,
db555ef0-43cb-11ec-be0c-afec86cba5e5,QmWpJtXpEdQZeWggQwLEeC93R6MyUqK2UJEcQpqxseLFdt,0x4748629b341ae21d5009ae425dfa79e9fd852282,Doctor led health education and mental health support platform + virtual clinics,rejected,2021-11-12T15:18:00.887Z,2021-11-19T15:18:00.887Z,1000000,611355,Content Creator,Tier 6,200000,0x4748629B341aE21D5009Ae425DFa79e9Fd852282,,,,
0f9c21e0-43a8-11ec-be0c-afec86cba5e5,QmWoT8d5wUQEt1e35eDrXnf6UD12m8vhSdAt96ParS7pAs,0x47d91a7ad927c3717baf5d05f3cea4a247b8dfd5,Gladio-Digital Metaverse education platform,enacted,2021-11-12T11:02:00.710Z,2021-11-19T11:02:00.710Z,1000000,2557595,Community,Tier 3,5000,0x47d91A7Ad927C3717BaF5d05F3cEA4A247b8dFd5,0x3413AceAE5Ff27802dBddA2d882FE739B0104441,MANA,0,1217
26cc2210-4336-11ec-be0c-afec86cba5e5,QmTRnPXMYpszWSrdS4s7ra9wnikxTjdTf8aTCC1sDd12QQ,0xc262dccb2a367631e970719396c6077ea6d17fb5,Ethiopian Student VR learning support,rejected,2021-11-11T21:27:00.985Z,2021-11-18T21:27:00.985Z,1000000,494779,Gaming,Tier 6,240000,0xc262dccb2A367631e970719396C6077EA6D17FB5,,,,
f80223e0-432a-11ec-be0c-afec86cba5e5,Qmd4Gkq7a71zhg6RUH5Tde9YEGjBsfrQnZRoGTYpoNbtF7,0xb66e81c8d6bf59a2743ab21052a2f947f472c023,Onboarding and Educating Afrobeat music creators into the Metaverse,rejected,2021-11-11T20:07:00.022Z,2021-11-18T20:07:00.022Z,1000000,574592,Content Creator,Tier 5,120000,0xb66e81C8D6Bf59a2743ab21052A2f947F472c023,,,,
b852d460-426c-11ec-be0c-afec86cba5e5,QmUV8RymBVVHgjn76hLf1yiJeChmuUNVZpC24379ZM1PcG,0xc1b8662a68f3eb66bc5e5c4de7c1ef04dc344d53,Easily manage your land's content with dclconnect,enacted,2021-11-10T21:25:00.799Z,2021-11-17T21:25:00.799Z,1000000,10125633,Platform Contributor,Tier 6,240000,0xc1b8662A68F3eb66bC5e5C4DE7C1EF04Dc344d53,0x5C4096171623501067964817163ABA408d350675,USDC,0,125908.657407
f79cfc20-41fb-11ec-be0c-afec86cba5e5,QmQBY4nHTEeYQnY8cqcFC5DdUuhbxeYjeTpEYQvAeQec1a,0xc24789c6f165329290ddd3fbeac3b6842a294003,Community Module Creation: Checkers,enacted,2021-11-10T07:58:00.850Z,2021-11-17T07:58:00.850Z,1000000,2556974,Gaming,Tier 1,1000,0xC24789C6f165329290Ddd3fBEac3b6842a294003,,,,
3511f910-4167-11ec-be0c-afec86cba5e5,QmUnSy8Pn4LVrJheajHa6Rt3HhNm4Lww9sBWhAXcqoKSc7,0x9b3ae2dd9eaad174cf5700420d4861a5a73a2d2a,Decentraland DAO incubated project - Meta GamiMall (+ P2E game Super Dogerio),enacted,2021-11-09T14:13:00.945Z,2021-11-16T14:13:00.945Z,1000000,8576254,Gaming,Tier 6,220000,0x9B3ae2dD9EAAD174cF5700420D4861A5a73a2d2A,0x6F9462AcbC65E5660B56197b59c9970E283a37cb,USDC,89035.507973,27602.983539
47e1bb80-4139-11ec-be0c-afec86cba5e5,Qme9ZzgJuhsyFXcdK3GgWMDtpcejuYx6zSWt2DiPJGME54,0x18871a5a5f729b1c1f1bf62611773cc26b00c317,Integrating Decentraland with 4 other platforms,enacted,2021-11-09T08:44:00.657Z,2021-11-16T08:44:00.657Z,1000000,4756495,Platform Contributor,Tier 4,48000,0x18871A5a5F729b1C1F1Bf62611773cC26b00c317,0x0eE7A7219017693C585C0D3801d1DA977D36C54b,DAI,24603.20061728395,845.1975308641976
0af89900-410c-11ec-be0c-afec86cba5e5,Qmdutad8aUPkaGJS4KtvJLTjP3Jtyb7CHhVYptjCWE9YKH,0x07356b0edf9b934330f41952b09d076c3810c608,Astar Network | polkadot L2 partnership,rejected,2021-11-09T03:20:00.113Z,2021-11-16T03:20:00.113Z,1000000,7375589,Platform Contributor,Tier 6,200000,0x07356b0edf9b934330f41952b09d076c3810c608,,,,
97eeea20-40b8-11ec-be0c-afec86cba5e5,Qmb9ZVaKqSB68hKqwP5EBGWC66fnzR5hoRCZYEyCdsmtv9,0x3fb38cee8d0ba7dcf59403a8c397626dc9c7a13b,Develop a DCL Wearables Market Analysis Tool,enacted,2021-11-08T17:23:00.882Z,2021-11-15T17:23:00.882Z,1000000,5197133,Platform Contributor,Tier 3,5000,0xe64581f067cfdce58657e3c0f58175e638c30f2b,0xbcb3011858E7bE7041CF3c0aD86aE17FA7DcA693,MANA,0,1557.632399
29d776a0-405f-11ec-be0c-afec86cba5e5,QmTRcPZocmcK4q7bp6dvkcHoXyiB6sGDpfLytWBaeT4qFu,0x815bd8454f9fad2415a7903c7de310c130f9b117,Parkour Wearable Tracksuit Reward For My New Parkour Park,rejected,2021-11-08T06:43:00.970Z,2021-11-15T06:43:00.970Z,1000000,156177,Content Creator,Tier 2,3000,0x815Bd8454F9FAD2415A7903C7De310c130f9b117,,,,
da28c1f0-3d8d-11ec-be0c-afec86cba5e5,QmTt66Ejf6QVn2pRZqDkzGikHb9KZbL5KcNpwCowXUBjiA,0x13db57d2120dcb15528b4472387c4bf63d370397,CALCULATE DCL´S CARBON FOOTPRINT,rejected,2021-11-04T16:40:00.143Z,2021-11-11T16:40:00.143Z,1000000,483089,Platform Contributor,Tier 3,5000,0x13DB57D2120dcB15528B4472387c4bf63d370397,,,,
7890f630-3ceb-11ec-be0c-afec86cba5e5,QmXsAFFXtKjYa7Wy5UVbenk1kn5L88VVxVzdAHXoGnFPXa,0x3b4f0d1bfcb2ffe8aadaa455d0f03210f848c915,Join the Blender Development Fund,enacted,2021-11-03T21:17:00.940Z,2021-11-10T21:17:00.940Z,1000000,3438622,Platform Contributor,Tier 6,175000,0x9De8991C56F622175274fb358f981AF6F903a799,,,,
8a36d4d0-3adf-11ec-be0c-afec86cba5e5,QmPPDUaLgnGK1Aj76T8qxoLEwrCh6MpEvK7FoL1A7VUaio,0x7a5e56c9fb159fe942c724d929016313628e5661,Part Time liaison,rejected,2021-11-01T06:47:00.262Z,2021-11-08T06:47:00.262Z,1000000,781163,Community,Tier 1,325,0x7a5e56c9fb159FE942C724d929016313628e5661,,,,
e8443b70-3a3b-11ec-be0c-afec86cba5e5,QmaU2XXCHrWpS9FgBMtCaVxg5ncRbgGcXXKCZnyWq2dNkX,0x006d559fc29090589d02fb71d4142aa58b030013,Feature Decentraland in the blockchain track of an upcoming medical conference,rejected,2021-10-31T11:15:00.591Z,2021-11-07T11:15:00.591Z,1000000,129060,Community,Tier 2,2800,0x006d559fc29090589d02fB71d4142aa58b030013,,,,
761d9710-38cb-11ec-be0c-afec86cba5e5,QmPyQirEDaJtrKwkBRiY2ZmWy9Y1QyNw4NnbaJH6cHgjjK,0x3fb38cee8d0ba7dcf59403a8c397626dc9c7a13b,Develop a Wearable Royalty Fee Calculator,rejected,2021-10-29T15:18:00.281Z,2021-11-05T15:18:00.281Z,1000000,587383,Platform Contributor,Tier 3,5000,0xe64581f067cfdce58657e3c0f58175e638c30f2b,,,,
3a6e5190-35d4-11ec-ac84-77607720a240,QmRHJKXJXTiLFWE2xNqowvvg5Wqa7f5cpWwgpcWvhXrwpD,0x65cea935f9152b7615dad939fb1baf56d10cd3d7,Send your avatar into actual space! Become the first astronaut of the Metaverse.,rejected,2021-10-25T20:43:00.129Z,2021-11-01T20:43:00.129Z,1000000,616919,Community,Tier 3,5000,0x65CEA935f9152B7615dad939fB1bAf56d10CD3d7,,,,
25d50440-35b6-11ec-ac84-77607720a240,QmdYyBH1UFYomrDqhbibfuJK7GeEmiJvStRPrt6yJCACWP,0x52fa613b2097808e275356c6a174d0b767f8e0c4,Altcoin Radio Grant,rejected,2021-10-25T17:08:00.669Z,2021-11-01T17:08:00.669Z,1000000,838050,Content Creator,Tier 2,3000,0x52fa613b2097808E275356c6a174d0b767F8e0C4,,,,
00e05990-344a-11ec-ac84-77607720a240,QmRV5K1fsoMXjZUVAqrsXWUqLwcNHbHEXXqb7gu2nSp7eu,0xb8cc65ef61cb183c671b33b40d5d544eabcdcba6,RPS Finance or RPSBET platform in-game integration,rejected,2021-10-23T21:41:00.858Z,2021-10-30T21:41:00.858Z,1000000,605565,Gaming,Tier 3,5000,0xB8Cc65eF61cb183C671b33B40D5D544EaBCDcba6,,,,
73a44130-314d-11ec-ac84-77607720a240,QmToTyDaK56mZDJWc2k2HEBmqKjq8Gf1r7jsArDqLnrcWJ,0x3cb9e515e2452937b501734aa2cc8ea673c28f27,Decentraland Community Building Grant,rejected,2021-10-20T02:28:00.404Z,2021-10-27T02:28:00.404Z,1000000,82922,Community,Tier 3,3000,0x0D9F54bFF55E0B06cF517239543A4113Bd207e6C,,,,
b1397fa0-3121-11ec-ac84-77607720a240,QmWjcf6UbHnVwraRFc3rYEg1jwwvao3s7EJqjJuZi7Qdor,0x9b3ae2dd9eaad174cf5700420d4861a5a73a2d2a,Meta City Phase Two - Vitality,rejected,2021-10-19T21:15:00.867Z,2021-10-26T21:15:00.867Z,1000000,100990,Gaming,Tier 2,3000,0x9B3ae2dD9EAAD174cF5700420D4861A5a73a2d2A,,,,
13583670-2ed6-11ec-ac84-77607720a240,QmNtbHc4UnWC1aMCJZiLECiL2bFM4ZqttN8vLmJJt4FLyq,0x598f8af1565003ae7456dac280a18ee826df7a2c,Golfcraft wearables: first set,enacted,2021-10-16T23:09:00.407Z,2021-10-23T23:09:00.407Z,1000000,1069607,Gaming,Tier 3,5000,0xE8643B09CF5A016AA2F1c2E9371dcEAdD362BB00,0xAb35Bc5092Fdaa8F10159fb7F312dB7B95bC0291,MANA,6329.11392405,0
84c9c400-2dc7-11ec-ac84-77607720a240,QmXiSAcJBQkw2G1k9tJoC96nhuXDaGLWWCedJbFcnU86eb,0xa0d258e7895096f813dacdaa4cdc5bf4fddd4847,Flowershop by Ultramono LABS (Gallery / Club / Concept Store),enacted,2021-10-15T14:52:00.121Z,2021-10-22T14:52:00.121Z,1000000,6020054,Content Creator,Tier 3,5000,0xa0d258e7895096f813dacdaa4cdc5bf4fddd4847,0x03855c4C6b9F631E4e148B3C9A675D4442c99D7a,MANA,2536.9141337185565,3792.1997903314436
48b67630-2b78-11ec-ac84-77607720a240,QmVCKtf7bbnaL87wc6tH87vLtEA7Vo6zZPAUZ2q2xygopk,0x78a6c93ce98dbdbd4ec0d1f6db17de9a6a4ae96e,Creator Onboarding Program aligning with Values of DCL community,enacted,2021-10-12T16:20:00.764Z,2021-10-19T16:20:00.764Z,1000000,6178663,Community,Tier 3,5000,0x78a6C93cE98DBDBD4EC0D1f6Db17DE9a6A4Ae96E,0x87074d88a6C6F7763f158C617da2e7fc16FA7Ee0,MANA,0,6666.66666667
6e28fee0-206c-11ec-ac84-77607720a240,Qmckt8vuKhxHcPYSW4rvWxCSvr34oNQpU6mmYi1mbedD6a,0xfe91c0c482e09600f2d1dbca10fd705bc6de60bc,Decentraland Snap - Become a virtual photographer,enacted,2021-09-28T14:57:00.839Z,2021-10-05T14:57:00.839Z,1000000,1498809,Gaming,Tier 3,5000,0x1a1792286a870d6630a80C924B39E37eD6618082,0xfF06369c25CCBea0d22E480B38F59e23e77D1F9C,MANA,3748.7928669428893,2917.8737997271105
f9d7ab30-1e5f-11ec-ac84-77607720a240,QmbJ9RDmKZUy6uGuT9mP1SvPNxdZE6FWAwvc9oAJL9fcd1,0xa4244f6711052752e6bb0271bf17c756e6598406,Creating 1/1 Reporter Jackets for Decentraland Reporters,enacted,2021-09-26T00:23:00.403Z,2021-10-03T00:23:00.403Z,1000000,1185992,Content Creator,Tier 3,5000,0xa4244F6711052752E6Bb0271Bf17c756E6598406,0x162047b5d8E6a6436323daD716438574755985eC,MANA,6666.66666667,0
04646b90-09ea-11ec-a5a8-05cb7ba30f57,QmdFft857eiwV1fvoAhU1Mz948vtjVmxsHGtPfjVkPFbWt,0x66aa8bee5366b6b48811ae0dac9fe5e1eefe1621,BEN Decentraland Intercollegiate Meta-Delegate,rejected,2021-08-30T23:28:00.233Z,2021-09-06T23:28:00.233Z,1000000,377539,Community,Tier 3,5000,0x66Aa8Bee5366b6b48811AE0Dac9Fe5e1EEfE1621,,,,
f0a4e0d0-09e9-11ec-a5a8-05cb7ba30f57,QmZwoCDBiNqWegu9GpAosXXJSQQCv5VfQpGPKpWHewNf9u,0x66aa8bee5366b6b48811ae0dac9fe5e1eefe1621,BEN Decentraland Intercollegiate Meta-Delegate,rejected,2021-08-30T23:28:00.101Z,2021-09-06T23:28:00.101Z,1000000,233805,Community,Tier 3,5000,0x66Aa8Bee5366b6b48811AE0Dac9Fe5e1EEfE1621,,,,
b9bf0ba0-09a2-11ec-a4d1-8d5d2cba0825,QmPo1ew28de9woHXEfkwhQN4Z5yT4VjUqZx2M8LSaybxF5,0x9405cf5bde70bb78c0ddf1425aed6a2f110fc733,Help us finish our music district and virutal record store.,enacted,2021-08-30T14:58:00.731Z,2021-09-06T14:58:00.731Z,1000000,1686083,Content Creator,Tier 3,5000,0x9405cF5BDe70bB78c0dDF1425AEd6A2f110fC733,0xa79f1945aCc6121232B41Aec8B5F256D2A14a4ef,MANA,4950.4950495,0
4c2cfc90-08cc-11ec-a4d1-8d5d2cba0825,QmPNqUtchZbfJayzmV3EGpzrUUwTwqg7SHLjiDQMvTxVeW,0x07356b0edf9b934330f41952b09d076c3810c608,Funding for clothing for my next event.,rejected,2021-08-29T13:23:00.601Z,2021-09-05T13:23:00.601Z,1000000,569102,Content Creator,Tier 2,3000,0x07356B0edF9b934330F41952B09D076C3810C608,,,,
f97ebc10-0450-11ec-bf2e-8bc0e796957b,QmUTQNfA9fNC9CLFAZuH11e9rrJzgS2CZyHEkRZ3NPe6Ai,0xa4244f6711052752e6bb0271bf17c756e6598406,Continue Video Editor for The Decentraland Report,enacted,2021-08-23T20:30:00.138Z,2021-08-30T20:30:00.138Z,1000000,1593821,Content Creator,Tier 2,1800,0xa4244F6711052752E6Bb0271Bf17c756E6598406,,,,
9fc81d10-02de-11ec-bf2e-8bc0e796957b,QmT2N2v1b338W5JP92sBu6nZsCCBkEkvNzRdBrkNzhgYDQ,0x9405cf5bde70bb78c0ddf1425aed6a2f110fc733,Take our music focused district and virtual record store to the next level,rejected,2021-08-22T00:19:00.833Z,2021-08-29T00:19:00.833Z,1000000,271360,Content Creator,Tier 3,5000,0x9405cF5BDe70bB78c0dDF1425AEd6A2f110fC733,,,,
e1c99a80-f565-11eb-ab97-bfa89f33c258,QmX75jQxx4AFXwruzZn4PK5o9iaheHxAwdtnmY3dwUsped,0xe6d503b3ab9565560c3a6a6881d79ba29590f99f,The in-world DAO governance forum,enacted,2021-08-04T20:52:00.353Z,2021-08-11T20:52:00.353Z,1000000,2389215,Content Creator,Tier 2,3000,0x17fca813c5d9eEFD6197C00bAF8B464d0f0f403f,,,,
691c8e60-f3c8-11eb-ab97-bfa89f33c258,QmWUvgjjzsVHMuArTJXWvzabP9NwTgo8tUZLF5bNnWvP1d,0x70b71b98c8b95643462c68e0a396d0a6d15337bf,Decentraland <> Rarible Protocol Integration,enacted,2021-08-02T19:32:00.742Z,2021-08-09T19:32:00.742Z,1000000,1274248,Platform Contributor,Tier 3,5000,0x2fa66abee1b3b6afe5c14566ed4fdbadaf982b56,0xEb5c2325351C3B5eB0d6aeEb40D6165B88bDf793,MANA,0,6666.66666667
1241d890-f0c9-11eb-ba81-318d080cd8d0,QmW1Ua2PnnTcqFPmXFa1MFtvrnfCQinbBEb1RC2cLd7Cyq,0x846fc2e54474805bb8bf06a39830fbbb1811c17d,TJ Saucier's Rap World,rejected,2021-07-29T23:59:00.033Z,2021-08-05T23:59:00.033Z,1000000,282255,Community,Tier 3,5000,0x846Fc2E54474805BB8bf06A39830fBBb1811C17D,,,,
d7e09840-ee10-11eb-ba81-318d080cd8d0,QmfNjwD7kYmrtBvN9cJREa4xY1T66GSr95e2ydNYE5YB3w,0xceb9e10fdc43140842be52ed2815488a46c9f6cb,"For making a wearable Design ""Precious Item""",rejected,2021-07-26T12:56:00.364Z,2021-08-02T12:56:00.364Z,1000000,145628,Community,Tier 1,500,0xCEB9E10fDC43140842be52eD2815488a46c9F6cb,,,,
93194990-eddf-11eb-ba81-318d080cd8d0,QmVsWAa3tsJQjmpELUAMox5cbecyeH5kUi8L8vEXCDEfL7,0xefd13f676744a527b1adce0b3c05834a54640ca8,The Circulating Rebate/Referral Voucher and Perpetual Gratuity Week,rejected,2021-07-26T07:03:00.633Z,2021-08-02T07:03:00.633Z,1000000,131205,Community,Tier 3,5000,0xeFd13F676744a527B1adce0b3c05834a54640ca8,,,,
33993260-ec0d-11eb-ba81-318d080cd8d0,QmRpzyGoT26YSfb3J181GyCBhDnhaWCNADwWbLsm9wVcWG,0xe264886feb92e9c6a92fa196dfdc09d330b66c17,Is it possible to create marketing NFTs for content in decentraland like crowds?,rejected,2021-07-23T23:25:00.934Z,2021-07-30T23:25:00.934Z,1000000,369706,Platform Contributor,Tier 3,1500,0x23Cf8AB359e16929944F1Aa8De0D3c5dCD3A520e,,,,
9d3fa020-e945-11eb-93d6-8b93cd7e61d4,QmZnJaG5WLakS8VeZgFuKK5H2cWcnmSHjWVL4GE72aF2NR,0x716954738e57686a08902d9dd586e813490fee23,Hiroto Kais Decentraland Builder Tutorials,enacted,2021-07-20T10:31:00.515Z,2021-07-27T10:31:00.515Z,1000000,1285673,Content Creator,Tier 1,1500,0x716954738E57686A08902d9dd586e813490feE23,,,,
883e32e0-e8be-11eb-93d6-8b93cd7e61d4,QmZZx6pThLnKfWGd5t4ujYha7PLWMqu98mtt1MtxpZgPJ3,0x59c0a6f97ecba25ca7b404815e5ca0cd99e642ba,Video Tutorials To Help Beginners Model/Upload Wearables on Decentraland!,rejected,2021-07-19T18:24:00.214Z,2021-07-26T18:24:00.214Z,1000000,1110723,Community,Tier 2,2500,0x59c0a6F97EcbA25CA7b404815E5CA0CD99E642bA,,,,
76e8e960-e6a5-11eb-89c8-f9c6d1f05e5b,QmZJ9yavrKomLFD7pyrAdD1gnhMUy5YCzeRLwanN61SLTD,0x128dccf449d95b4c23decc98ecc1bc2126c99e19,Create an online dashboard showing advanced Decentraland stats,rejected,2021-07-17T02:19:00.390Z,2021-07-24T02:19:00.390Z,1000000,627107,Community,Tier 2,3000,0x128dCcF449d95B4C23dECC98ecc1bC2126c99E19,,,,
21921940-e34a-11eb-bb4e-e9e2ebbd7fce,Qmdm1g8fCbhA3sdw1z56fBBoTrAEfkkphr33AfwPJbJKAX,0x5468e3ee2344430437f95d349535a2db831eef50,We would like to provide headlines/video/tweets from The Associated Press,rejected,2021-07-12T19:48:00.525Z,2021-07-19T19:48:00.525Z,1000000,505457,Content Creator,Tier 3,5000,0xeD5482409243385019Bb86b7A5d82C51E8552710,,,,
cc7009f0-e08c-11eb-a20f-d75df7f87ed8,Qme7WQTK3Aw9LY59dpxqD3ZY6NmQTPegckZGGcorHq7FXx,0x05060fa97e54a812d1e15cec6c34e79f74ebd0b3,The New Babylon - An Exploration of New Metaverse City Prototype,enacted,2021-07-09T08:08:00.487Z,2021-07-16T08:08:00.487Z,1000000,1949672,Content Creator,Tier 3,5000,0x05060Fa97e54a812d1E15cEc6c34e79f74eBD0b3,0x7edB39B39F1b60C51c7d2559a2686733cEFc8EC2,MANA,8064.51612903,0
e66cc2e0-e013-11eb-a20f-d75df7f87ed8,QmdLbbrc4gM7bwpBh7rXM3SCzc9XEduQJjHsfj6QeepvPT,0x598f8af1565003ae7456dac280a18ee826df7a2c,Long term game “Project G”,enacted,2021-07-08T17:42:00.982Z,2021-07-15T17:42:00.982Z,1000000,1752071,Gaming,Tier 3,5000,0xE8643B09CF5A016AA2F1c2E9371dcEAdD362BB00,0x68412BF5805F8D6c9536eaeD42054714Ac037F17,MANA,7692.30769231,0
811f2150-de90-11eb-815a-1f002ccf0372,QmckLfTRMrNjHzGLXV69Zb9wnfpzgPEtubQvb6VfKVE6fE,0x187338cff37428614ecab066c231cafaae1edb10,4 Worlds Magazine (Ethereum Essential),rejected,2021-07-06T19:29:00.790Z,2021-07-13T19:29:00.790Z,1000000,597300,Content Creator,Tier 2,1500,0x5cfdc483e63173ee18532b67bc6c20fd4824cc67,,,,
51a09220-dd72-11eb-815a-1f002ccf0372,QmS7jTEw5reRxupAV7jpmhdb8d23ZSWzjsb7Jm6BBzyYWB,0xaa528f96f7865ef46697dcbb3b4e04cefa91ca0c,First Futuristic MetaStadium (Football),rejected,2021-07-05T09:21:00.043Z,2021-07-12T09:21:00.043Z,1000000,319424,Gaming,Tier 3,4999,0xAA528F96f7865Ef46697dCbb3B4E04cEfA91Ca0C,,,,
29468410-dc00-11eb-9110-69b867ba991b,QmSFwidzAWW9EpbDSMpf3HgsUs7brvhpbSph9hdxo9NU4b,0xa4244f6711052752e6bb0271bf17c756e6598406,Video Editor for The Decentraland Report,enacted,2021-07-03T13:11:00.553Z,2021-07-10T13:11:00.553Z,1000000,1461760,Content Creator,Tier 1,500,0xa4244F6711052752E6Bb0271Bf17c756E6598406,,,,
ab782cf0-dace-11eb-9110-69b867ba991b,QmNydZQN9W8yoMP3jJi6di4MWpoAXvS5CUvoPQo9fGuaF1,0xbd5b79d53d75497673e699a571afa85492a2cc74,"Enhance All Builder Smart Items Feedback Cues; Improve Triggers, Counters, Text",rejected,2021-07-02T00:44:00.983Z,2021-07-09T00:44:00.983Z,1000000,858676,Platform Contributor,Tier 3,5000,0xbd5b79D53D75497673e699A571AFA85492a2cc74,,,,
c5849560-d9e9-11eb-9110-69b867ba991b,QmTHfJRnNoyynKZbPQQojj5jfpcXDwAXPrnowQUT7xrJe8,0xefd13f676744a527b1adce0b3c05834a54640ca8,Let me build custom and themed wardrobes for your parties and events.,rejected,2021-06-30T21:26:00.934Z,2021-07-07T21:26:00.934Z,1000000,190117,Platform Contributor,Tier 3,5000,0xeFd13F676744a527B1adce0b3c05834a54640ca8,,,,
f227a8a0-d9b7-11eb-9110-69b867ba991b,QmQuM1zmJEm4TDG2KUmiDVgpni3ZxiXCEgShm26Rathw3T,0xc1b8662a68f3eb66bc5e5c4de7c1ef04dc344d53,Open source DCL utility library that makes many things easier,enacted,2021-06-30T15:29:00.987Z,2021-07-07T15:29:00.987Z,1000000,1459494,Platform Contributor,Tier 3,5000,0xc1b8662A68F3eb66bC5e5C4DE7C1EF04Dc344d53,0x78b311f4BE9969C41931aDA45d6eC53Bf54998Cf,MANA,7042.25352113,0
87a5a860-d994-11eb-9110-69b867ba991b,QmSYP5zuFyLYz7vjefeUW8S35iuUCSAqnENFFcjh8iKX6e,0x119e6f4644651e77eeb7031f4988ba29346d9608,Help fund my journey to the TEDtalk circuit,rejected,2021-06-30T11:15:00.910Z,2021-07-07T11:15:00.910Z,1000000,516500,Content Creator,Tier 3,4998,0x479D5C2BEb27206fe1a369F26C25469C389fC54E,,,,
732f50c0-d994-11eb-9110-69b867ba991b,QmVjvJdnBorL29nZFMPFm1UBHhpAJXeCMNRb7eMbPbwQzW,0x119e6f4644651e77eeb7031f4988ba29346d9608,Help fund my journey to the TEDtalk circuit,rejected,2021-06-30T11:15:00.580Z,2021-07-07T11:15:00.580Z,1000000,482323,Content Creator,Tier 3,4998,0x479D5C2BEb27206fe1a369F26C25469C389fC54E,,,,
486afb50-d994-11eb-9110-69b867ba991b,Qma2SERW8h8EisJHUN3fmRPRH4hVBoRvqrE6rovELeEGx4,0x119e6f4644651e77eeb7031f4988ba29346d9608,Help fund my journey to the TEDtalk circuit,rejected,2021-06-30T11:14:00.830Z,2021-07-07T11:14:00.830Z,1000000,533670,Content Creator,Tier 3,7000,0x479D5C2BEb27206fe1a369F26C25469C389fC54E,,,,
1d5c5260-d813-11eb-9110-69b867ba991b,QmQ1YNjRQ1jUBQAD71fVVM3tAyfeJGBMRbpNmX21S85d2s,0x2fdc5ec86b1744f8884d08fe404ac2f8612d3528,THE UNPARALLELED ALIVE AND MORE FASHION SHOW by Team RELMS,rejected,2021-06-28T13:16:00.351Z,2021-07-05T13:16:00.351Z,1000000,256187,Content Creator,Tier 2,3000,0x2fdc5ec86B1744F8884D08FE404AC2F8612d3528,,,,
ed3849d0-d804-11eb-9110-69b867ba991b,Qme22m2zkPAm6SstSrw26wAf3inY4nBkxGjuxZxJYq2zqC,0x6ae03d1d3a9b161ec264c76ad73999ee25abec5a,DCL Knowledge Base HQ - Educational Website,enacted,2021-06-28T11:35:00.630Z,2021-07-05T11:35:00.630Z,1000000,2205937,Community,Tier 2,2000,0x6ae03D1d3A9b161ec264C76AD73999EE25AbEC5a,,,,
48bf44c0-d4d1-11eb-8686-d3654af1f4cd,QmSmzwjSMjWSJ9qHWgxcXGPYpHPEDLe9X42wpiGJecWMbe,0x0e80fdfd9e13c90179ab2069bd288bd32826c499,Decentrapolooza: An event to bring together the next generation of inventors.,rejected,2021-06-24T09:48:00.868Z,2021-07-01T09:48:00.868Z,1000000,157501,Community,Tier 3,5000,0x0E80Fdfd9e13C90179AB2069BD288BD32826c499,,,,
6e3408a0-d38f-11eb-976f-4b50abb26a02,QmcsxVtmwM9ny6QJmN6qnxFwPyv9ZnZpgNCpf4odBjyh1E,0x83cfa5852e10e746afb86c2544e419d96b016634,Business To Generate NFTs From Decentraland,rejected,2021-06-22T19:24:00.763Z,2021-06-29T19:24:00.763Z,1000000,206828,Content Creator,Tier 3,5000,0x83CfA5852e10E746Afb86C2544E419d96b016634,,,,
ba798f30-d382-11eb-b705-3db38bad850a,QmUqfXPbBZfay8GLPw51ed1oUMXu4b9Cwnub81TFNMxr6d,0xbd5b79d53d75497673e699a571afa85492a2cc74,Improving the Toolbox Smart Item In Builder,enacted,2021-06-22T17:53:00.267Z,2021-06-29T17:53:00.267Z,1000000,1198561,Platform Contributor,Tier 2,3000,0xbd5b79D53D75497673e699A571AFA85492a2cc74,,,,
d0a802a0-d378-11eb-987d-410735a966ad,QmcEtXsQLg9nY3ACAPFivBrHMTZo1KpKF1niFsJYrF5Br6,0x6411a6771684e0b8535b57e64fb81d1a7facea07,I want to start a youtube channel.,rejected,2021-06-22T16:42:00.514Z,2021-06-29T16:42:00.514Z,1000000,650074,Content Creator,Tier 2,2500,0x1720Da536aa2861756f9C8aA522b2d2C7C3549d3,,,,
f512be20-d376-11eb-987d-410735a966ad,QmW5DxzH3Hu6ovcBWuyGBhQ4YyiuXfeiZEixBAVuiQMLsa,0xd2d950cea649feef4d6111c18adbd9a37b3a9f63,Building the Motion Mine,enacted,2021-06-22T16:29:00.618Z,2021-06-29T16:29:00.618Z,1000000,1975719,Content Creator,Tier 3,5000,0xD2D950CeA649fEEf4D6111C18ADBD9a37B3a9f63,0xf5A0B88Ccb23e2058d71F3C0e8539364B0c009a8,MANA,9050.953198560497,149.04686313950373
